Id,LotArea,Street,LotShape,HouseStyle,OverallQual,OverallCond,YearBuilt,GarageType,YrSold,SalePrice
1,8450,Pave,Reg,2Story,7,5,2003,Attchd,2008,208500
2,9600,Pave,Reg,1Story,6,8,1976,Attchd,2007,181500
3,11250,Pave,IR1,2Story,7,5,2001,Attchd,2008,223500
4,9550,Pave,IR1,2Story,7,5,1915,Detchd,2006,140000
5,14260,Pave,IR1,2Story,8,5,2000,Attchd,2008,250000
6,14115,Pave,IR1,1.5Fin,5,5,1993,Attchd,2009,143000
7,10084,Pave,Reg,1Story,8,5,2004,Attchd,2007,307000
8,10382,Pave,IR1,2Story,7,6,1973,Attchd,2009,200000
9,6120,Pave,Reg,1.5Fin,7,5,1931,Detchd,2008,129900
10,7420,Pave,Reg,1.5Unf,5,6,1939,Attchd,2008,118000
11,11200,Pave,Reg,1Story,5,5,1965,Detchd,2008,129500
12,11924,Pave,IR1,2Story,9,5,2005,BuiltIn,2006,345000
13,12968,Pave,IR2,1Story,5,6,1962,Detchd,2008,144000
14,10652,Pave,IR1,1Story,7,5,2006,Attchd,2007,279500
15,10920,Pave,IR1,1Story,6,5,1960,Attchd,2008,157000
16,6120,Pave,Reg,1.5Unf,7,8,1929,Detchd,2007,132000
17,11241,Pave,IR1,1Story,6,7,1970,Attchd,2010,149000
18,10791,Pave,Reg,1Story,4,5,1967,CarPort,2006,90000
19,13695,Pave,Reg,1Story,5,5,2004,Detchd,2008,159000
20,7560,Pave,Reg,1Story,5,6,1958,Attchd,2009,139000
21,14215,Pave,IR1,2Story,8,5,2005,BuiltIn,2006,325300
22,7449,Pave,Reg,1.5Unf,7,7,1930,Attchd,2007,139400
23,9742,Pave,Reg,1Story,8,5,2002,Attchd,2008,230000
24,4224,Pave,Reg,1Story,5,7,1976,Attchd,2007,129900
25,8246,Pave,IR1,1Story,5,8,1968,Attchd,2010,154000
26,14230,Pave,Reg,1Story,8,5,2007,Attchd,2009,256300
27,7200,Pave,Reg,1Story,5,7,1951,Detchd,2010,134800
28,11478,Pave,Reg,1Story,8,5,2007,Attchd,2010,306000
29,16321,Pave,IR1,1Story,5,6,1957,Attchd,2006,207500
30,6324,Pave,IR1,1Story,4,6,1927,Detchd,2008,68500
31,8500,Pave,Reg,2Story,4,4,1920,Detchd,2008,40000
32,8544,Pave,IR1,1Story,5,6,1966,Attchd,2008,149350
33,11049,Pave,Reg,1Story,8,5,2007,Attchd,2008,179900
34,10552,Pave,IR1,1Story,5,5,1959,Attchd,2010,165500
35,7313,Pave,Reg,1Story,9,5,2005,Attchd,2007,277500
36,13418,Pave,Reg,2Story,8,5,2004,BuiltIn,2006,309000
37,10859,Pave,Reg,1Story,5,5,1994,Attchd,2009,145000
38,8532,Pave,Reg,1Story,5,6,1954,Attchd,2009,153000
39,7922,Pave,Reg,1Story,5,7,1953,Detchd,2010,109000
40,6040,Pave,Reg,1Story,4,5,1955,NA,2008,82000
41,8658,Pave,Reg,1Story,6,5,1965,Attchd,2006,160000
42,16905,Pave,Reg,1Story,5,6,1959,Attchd,2007,170000
43,9180,Pave,IR1,SFoyer,5,7,1983,Attchd,2007,144000
44,9200,Pave,IR1,1Story,5,6,1975,Detchd,2008,130250
45,7945,Pave,Reg,1Story,5,6,1959,Attchd,2006,141000
46,7658,Pave,Reg,1Story,9,5,2005,Attchd,2010,319900
47,12822,Pave,IR1,1.5Fin,7,5,2003,Attchd,2009,239686
48,11096,Pave,Reg,1Story,8,5,2006,Attchd,2007,249700
49,4456,Pave,Reg,2Story,4,5,1920,NA,2009,113000
50,7742,Pave,Reg,1Story,5,7,1966,Attchd,2007,127000
51,13869,Pave,IR2,2Story,6,6,1997,Attchd,2007,177000
52,6240,Pave,Reg,1.5Fin,6,6,1934,Detchd,2006,114500
53,8472,Grvl,IR2,1Story,5,5,1963,CarPort,2010,110000
54,50271,Pave,IR1,1Story,9,5,1981,Attchd,2006,385000
55,7134,Pave,Reg,SLvl,5,5,1955,Detchd,2007,130000
56,10175,Pave,IR1,1Story,6,5,1964,Attchd,2008,180500
57,2645,Pave,Reg,2Story,8,5,1999,Attchd,2009,172500
58,11645,Pave,IR1,2Story,7,5,2004,Attchd,2006,196500
59,13682,Pave,IR2,2Story,10,5,2006,BuiltIn,2006,438780
60,7200,Pave,Reg,1Story,5,7,1972,Detchd,2008,124900
61,13072,Pave,Reg,1Story,6,5,2004,Detchd,2006,158000
62,7200,Pave,Reg,2.5Unf,5,7,1920,Detchd,2007,101000
63,6442,Pave,IR1,1Story,8,5,2006,Attchd,2007,202500
64,10300,Pave,IR1,2Story,7,6,1921,Detchd,2010,140000
65,9375,Pave,Reg,2Story,7,5,1997,Attchd,2009,219500
66,9591,Pave,Reg,2Story,8,5,2004,BuiltIn,2007,317000
67,19900,Pave,Reg,1Story,7,5,1970,Attchd,2010,180000
68,10665,Pave,IR1,1Story,7,5,2003,Attchd,2007,226000
69,4608,Pave,Reg,1Story,4,6,1945,Attchd,2010,80000
70,15593,Pave,Reg,1.5Fin,7,4,1953,Attchd,2006,225000
71,13651,Pave,IR1,1Story,7,6,1973,Attchd,2007,244000
72,7599,Pave,Reg,1Story,4,6,1982,Detchd,2007,129500
73,10141,Pave,IR1,2Story,7,5,1998,Attchd,2009,185000
74,10200,Pave,Reg,1Story,5,7,1954,Attchd,2010,144900
75,5790,Pave,Reg,2Story,3,6,1915,Detchd,2010,107400
76,1596,Pave,Reg,SLvl,4,5,1973,BuiltIn,2009,91000
77,8475,Pave,IR1,1Story,4,7,1956,Detchd,2008,135750
78,8635,Pave,Reg,1.5Fin,5,5,1948,Detchd,2008,127000
79,10778,Pave,Reg,1Story,4,5,1968,NA,2010,136500
80,10440,Pave,Reg,2Story,5,6,1910,Detchd,2009,110000
81,13000,Pave,Reg,2Story,6,6,1968,Attchd,2009,193500
82,4500,Pave,Reg,1Story,6,5,1998,Attchd,2006,153500
83,10206,Pave,Reg,1Story,8,5,2007,Attchd,2008,245000
84,8892,Pave,IR1,1Story,5,5,1960,Detchd,2007,126500
85,8530,Pave,IR1,SLvl,7,5,1995,BuiltIn,2009,168500
86,16059,Pave,Reg,2Story,8,5,1991,Attchd,2006,260000
87,11911,Pave,IR2,2Story,6,5,2005,BuiltIn,2009,174000
88,3951,Pave,Reg,2Story,6,5,2009,Detchd,2009,164500
89,8470,Pave,IR1,1.5Fin,3,2,1915,NA,2009,85000
90,8070,Pave,Reg,1Story,4,5,1994,NA,2007,123600
91,7200,Pave,Reg,1Story,4,5,1950,Detchd,2006,109900
92,8500,Pave,Reg,1Story,5,3,1961,Attchd,2006,98600
93,13360,Pave,IR1,1Story,5,7,1921,Detchd,2009,163500
94,7200,Pave,Reg,2.5Unf,6,6,1910,Detchd,2007,133900
95,9337,Pave,IR1,2Story,6,5,1997,Attchd,2007,204750
96,9765,Pave,IR2,2Story,6,8,1993,BuiltIn,2009,185000
97,10264,Pave,IR1,1Story,7,5,1999,Attchd,2006,214000
98,10921,Pave,Reg,1Story,4,5,1965,Attchd,2007,94750
99,10625,Pave,Reg,1Story,5,5,1920,Basment,2010,83000
100,9320,Pave,IR1,1Story,4,5,1959,NA,2010,128950
101,10603,Pave,IR1,1Story,6,7,1977,Attchd,2010,205000
102,9206,Pave,Reg,2Story,6,5,1985,Attchd,2010,178000
103,7018,Pave,Reg,1Story,5,5,1979,Attchd,2009,118964
104,10402,Pave,IR1,1Story,7,5,2009,Attchd,2010,198900
105,7758,Pave,Reg,1.5Fin,7,4,1931,Detchd,2007,169500
106,9375,Pave,Reg,2Story,8,5,2003,Attchd,2008,250000
107,10800,Pave,Reg,1Story,4,7,1885,Detchd,2007,100000
108,6000,Pave,Reg,1Story,5,5,1948,Detchd,2008,115000
109,8500,Pave,Reg,1.5Fin,5,7,1919,NA,2007,115000
110,11751,Pave,IR1,1Story,6,6,1977,Attchd,2010,190000
111,9525,Pave,Reg,1.5Fin,6,4,1954,Attchd,2006,136900
112,7750,Pave,IR1,SLvl,7,5,2000,BuiltIn,2010,180000
113,9965,Pave,Reg,2Story,7,5,2007,BuiltIn,2007,383970
114,21000,Pave,Reg,1Story,6,5,1953,Basment,2007,217000
115,7259,Pave,IR1,2Story,6,8,1945,Detchd,2007,259500
116,3230,Pave,Reg,2Story,6,5,1999,Detchd,2007,176000
117,11616,Pave,Reg,1Story,5,5,1962,Attchd,2009,139000
118,8536,Pave,Reg,1Story,5,5,2006,Attchd,2007,155000
119,12376,Pave,Reg,2Story,7,5,1990,Attchd,2010,320000
120,8461,Pave,Reg,2Story,6,5,2005,Attchd,2006,163990
121,21453,Pave,IR1,SLvl,6,5,1969,Attchd,2006,180000
122,6060,Pave,Reg,1.5Fin,4,5,1939,Detchd,2007,100000
123,9464,Pave,Reg,1Story,6,7,1958,Attchd,2008,136000
124,7892,Pave,Reg,1Story,6,5,1993,Attchd,2008,153900
125,17043,Pave,IR1,1Story,6,5,1979,Attchd,2009,181000
126,6780,Pave,Reg,1.5Fin,6,8,1935,NA,2006,84500
127,4928,Pave,IR1,1Story,6,5,1976,Attchd,2007,128000
128,4388,Pave,IR1,1.5Unf,5,7,1930,NA,2007,87000
129,7590,Pave,Reg,2Story,6,5,1966,Attchd,2006,155000
130,8973,Pave,Reg,1Story,5,7,1958,2Types,2006,150000
131,14200,Pave,Reg,2Story,7,6,1966,Attchd,2006,226000
132,12224,Pave,IR1,2Story,6,5,2000,BuiltIn,2009,244000
133,7388,Pave,Reg,1Story,5,6,1959,Detchd,2007,150750
134,6853,Pave,IR1,1Story,8,5,2001,Attchd,2009,220000
135,10335,Pave,IR1,1Story,5,6,1968,Attchd,2006,180000
136,10400,Pave,Reg,1Story,7,6,1970,Attchd,2008,174000
137,10355,Pave,IR1,1Story,5,5,1967,Attchd,2007,143000
138,11070,Pave,Reg,1Story,7,5,1988,2Types,2006,171000
139,9066,Pave,IR1,2Story,8,5,1999,Attchd,2008,230000
140,15426,Pave,IR1,2Story,6,5,1997,Attchd,2009,231500
141,10500,Pave,Reg,1Story,4,5,1971,NA,2010,115000
142,11645,Pave,Reg,1Story,7,5,2005,Attchd,2006,260000
143,8520,Pave,Reg,1.5Fin,5,4,1952,Detchd,2010,166000
144,10335,Pave,IR1,1Story,7,5,1999,Attchd,2009,204000
145,9100,Pave,Reg,1Story,5,5,1963,Detchd,2006,125000
146,2522,Pave,Reg,2Story,6,5,2004,Detchd,2006,130000
147,6120,Pave,Reg,1Story,5,7,1931,Detchd,2009,105000
148,9505,Pave,IR1,2Story,7,5,2001,BuiltIn,2010,222500
149,7500,Pave,Reg,1Story,7,5,2004,NA,2008,141000
150,6240,Pave,Reg,1.5Fin,5,4,1936,Detchd,2006,115000
151,10356,Pave,Reg,1Story,5,6,1975,Attchd,2007,122000
152,13891,Pave,Reg,1Story,8,5,2007,Attchd,2008,372402
153,14803,Pave,IR1,2Story,6,5,1971,Attchd,2006,190000
154,13500,Pave,Reg,1Story,6,7,1960,Attchd,2008,235000
155,11340,Pave,Reg,1Story,6,5,1923,Detchd,2006,125000
156,9600,Pave,Reg,1.5Fin,6,5,1924,NA,2008,79000
157,7200,Pave,Reg,1Story,5,7,1950,Detchd,2006,109500
158,12003,Pave,Reg,2Story,8,5,2009,BuiltIn,2010,269500
159,12552,Pave,Reg,2Story,7,5,2004,Attchd,2010,254900
160,19378,Pave,IR1,2Story,7,5,2005,Attchd,2006,320000
161,11120,Pave,IR1,1Story,6,6,1984,Attchd,2008,162500
162,13688,Pave,IR1,2Story,9,5,2003,BuiltIn,2008,412500
163,12182,Pave,Reg,1Story,7,5,2005,Attchd,2010,220000
164,5500,Pave,Reg,1.5Unf,4,6,1956,NA,2007,103200
165,5400,Pave,Reg,1Story,6,7,1926,Detchd,2007,152000
166,10106,Pave,Reg,1.5Fin,5,7,1940,NA,2008,127500
167,10708,Pave,IR1,1Story,5,5,1955,Attchd,2009,190000
168,10562,Pave,Reg,2Story,8,5,2007,Attchd,2007,325624
169,8244,Pave,IR1,2Story,7,5,2004,Attchd,2007,183500
170,16669,Pave,IR1,1Story,8,6,1981,Attchd,2006,228000
171,12358,Pave,IR1,1.5Fin,5,6,1941,Detchd,2007,128500
172,31770,Pave,IR1,1Story,6,5,1960,Attchd,2010,215000
173,5306,Pave,IR1,2Story,7,7,1987,Attchd,2006,239000
174,10197,Pave,IR1,1Story,6,5,1961,Attchd,2008,163000
175,12416,Pave,IR1,1Story,6,5,1986,Attchd,2008,184000
176,12615,Pave,Reg,1Story,6,7,1950,Attchd,2007,243000
177,10029,Pave,IR1,2Story,6,5,1988,Attchd,2007,211000
178,13650,Pave,Reg,1.5Fin,5,5,1958,Attchd,2006,172500
179,17423,Pave,IR1,1Story,9,5,2008,Attchd,2009,501837
180,8520,Pave,Reg,1Story,5,6,1923,Detchd,2007,100000
181,2117,Pave,Reg,2Story,6,5,2000,Detchd,2007,177000
182,7588,Pave,Reg,2Story,7,6,1920,Detchd,2006,200100
183,9060,Pave,Reg,1Story,5,6,1957,Attchd,2007,120000
184,11426,Pave,Reg,1.5Fin,7,5,2003,Detchd,2008,200000
185,7438,Pave,IR1,1.5Fin,5,8,1908,Attchd,2006,127000
186,22950,Pave,IR2,2.5Fin,10,9,1892,Detchd,2006,475000
187,9947,Pave,IR1,SLvl,7,5,1990,Attchd,2009,173000
188,10410,Pave,Reg,1.5Fin,5,7,1916,Detchd,2009,135000
189,7018,Pave,Reg,SFoyer,5,5,1979,Detchd,2009,153337
190,4923,Pave,Reg,1Story,8,5,2001,Attchd,2008,286000
191,10570,Pave,Reg,2Story,8,8,1932,Detchd,2007,315000
192,7472,Pave,IR1,2Story,7,9,1972,Attchd,2007,184000
193,9017,Pave,IR1,1Story,7,5,1999,Attchd,2009,192000
194,2522,Pave,Reg,2Story,7,5,2004,Detchd,2006,130000
195,7180,Pave,IR1,1Story,5,7,1972,Detchd,2008,127000
196,2280,Pave,Reg,2Story,6,6,1976,Attchd,2009,148500
197,9416,Pave,Reg,1Story,7,5,2007,Attchd,2007,311872
198,25419,Pave,Reg,2Story,8,4,1918,Detchd,2006,235000
199,5520,Pave,Reg,2.5Fin,6,6,1912,NA,2009,104000
200,9591,Pave,Reg,1Story,8,5,2004,Attchd,2009,274900
201,8546,Pave,Reg,1Story,4,5,2003,Attchd,2010,140000
202,10125,Pave,Reg,1Story,6,6,1977,Detchd,2008,171500
203,7000,Pave,Reg,1.5Fin,6,6,1924,Attchd,2006,112000
204,4438,Pave,Reg,1Story,6,5,2004,Attchd,2008,149000
205,3500,Pave,Reg,1.5Fin,5,7,1947,Detchd,2009,110000
206,11851,Pave,Reg,1Story,7,5,1990,Attchd,2009,180500
207,13673,Pave,IR1,1Story,5,5,1962,Attchd,2007,143900
208,12493,Pave,IR1,1Story,4,5,1960,Attchd,2008,141000
209,14364,Pave,IR1,2Story,7,5,1988,Attchd,2007,277000
210,8250,Pave,Reg,1Story,6,7,1964,Attchd,2008,145000
211,5604,Pave,Reg,1Story,5,6,1925,NA,2008,98000
212,10420,Pave,Reg,1Story,6,5,2009,Attchd,2010,186000
213,8640,Pave,Reg,2Story,7,5,2009,Attchd,2009,252678
214,13568,Pave,IR2,1Story,5,5,1995,Attchd,2006,156000
215,10900,Pave,IR1,2Story,6,7,1977,Attchd,2010,161750
216,10011,Pave,IR1,1Story,5,6,1957,Attchd,2006,134450
217,8450,Pave,Reg,1Story,7,5,2004,Attchd,2008,210000
218,9906,Pave,Reg,2Story,4,4,1925,Detchd,2006,107000
219,15660,Pave,IR1,1.5Fin,7,9,1939,Attchd,2008,311500
220,3010,Pave,Reg,1Story,7,5,2005,Attchd,2006,167240
221,8990,Pave,IR1,1Story,7,5,2006,Attchd,2006,204900
222,8068,Pave,IR1,2Story,6,5,2002,BuiltIn,2009,200000
223,11475,Pave,Reg,2Story,6,6,1975,Attchd,2006,179900
224,10500,Pave,Reg,1Story,4,6,1971,Detchd,2009,97000
225,13472,Pave,Reg,1Story,10,5,2003,Attchd,2009,386250
226,1680,Pave,Reg,2Story,5,5,1971,Detchd,2009,112000
227,9950,Pave,IR1,2Story,7,5,1995,Attchd,2007,290000
228,1869,Pave,Reg,2Story,6,6,1970,Detchd,2008,106000
229,8521,Pave,Reg,1Story,5,5,1967,Detchd,2010,125000
230,3182,Pave,Reg,1Story,7,5,2005,Attchd,2009,192500
231,8760,Pave,Reg,1Story,6,6,1959,Attchd,2010,148000
232,15138,Pave,IR1,2Story,8,5,1995,Attchd,2009,403000
233,1680,Pave,Reg,2Story,6,5,1972,Attchd,2006,94500
234,10650,Pave,Reg,1Story,5,6,1976,Attchd,2010,128200
235,7851,Pave,Reg,2Story,6,5,2002,BuiltIn,2010,216500
236,1680,Pave,Reg,2Story,6,3,1971,Detchd,2008,89500
237,8773,Pave,Reg,1Story,7,5,2004,Attchd,2010,185500
238,9453,Pave,IR1,2Story,7,7,1993,Attchd,2010,194500
239,12030,Pave,Reg,1Story,8,5,2007,Attchd,2007,318000
240,8741,Pave,Reg,1.5Fin,6,4,1945,Detchd,2010,113000
241,9000,Pave,Reg,1Story,8,5,2008,Attchd,2010,262500
242,3880,Pave,Reg,1Story,5,9,1945,NA,2007,110500
243,5000,Pave,Reg,1.5Fin,5,4,1900,Attchd,2006,79000
244,10762,Pave,Reg,2Story,6,6,1980,Attchd,2009,120000
245,8880,Pave,IR1,2Story,7,5,1994,Attchd,2010,205000
246,10400,Pave,Reg,1Story,7,5,1988,Attchd,2006,241500
247,9142,Pave,Reg,2Story,6,8,1910,Detchd,2006,137000
248,11310,Pave,Reg,1Story,6,5,1954,Attchd,2006,140000
249,11317,Pave,Reg,2Story,7,5,2003,Attchd,2007,180000
250,159000,Pave,IR2,1.5Fin,6,7,1958,Attchd,2007,277000
251,5350,Pave,IR1,1Story,3,2,1940,NA,2010,76500
252,4750,Pave,IR1,1Story,8,5,2006,Attchd,2007,235000
253,8366,Pave,IR1,2Story,6,5,2004,Attchd,2008,173000
254,9350,Pave,Reg,SLvl,6,7,1964,Attchd,2007,158000
255,8400,Pave,Reg,1Story,5,6,1957,Attchd,2010,145000
256,8738,Pave,IR1,2Story,7,5,1999,BuiltIn,2006,230000
257,8791,Pave,IR1,2Story,6,5,2003,Attchd,2008,207500
258,8814,Pave,Reg,1Story,7,5,2006,Attchd,2009,220000
259,12435,Pave,Reg,2Story,7,5,2001,Attchd,2008,231500
260,12702,Pave,Reg,1Story,5,5,1956,Detchd,2008,97000
261,19296,Pave,Reg,SLvl,6,5,1962,Attchd,2009,176000
262,9588,Pave,IR1,2Story,8,5,2007,BuiltIn,2007,276000
263,8471,Pave,IR1,SLvl,6,7,1977,Attchd,2006,151000
264,5500,Pave,Reg,1.5Fin,5,7,1929,Detchd,2010,130000
265,5232,Pave,IR3,1Story,5,5,1925,Detchd,2008,73000
266,12090,Pave,IR1,1Story,6,6,1981,Attchd,2008,175500
267,11207,Pave,IR1,2Story,6,5,1997,Attchd,2006,185000
268,8400,Pave,Reg,2.5Fin,5,8,1939,Detchd,2008,179500
269,6900,Pave,Reg,1Story,5,6,1940,Detchd,2008,120500
270,7917,Pave,IR1,1Story,6,7,1976,Attchd,2007,148000
271,10728,Pave,Reg,2Story,8,5,2006,Attchd,2006,266000
272,39104,Pave,IR1,1Story,7,7,1954,Attchd,2008,241500
273,11764,Pave,IR1,2Story,8,7,1999,Attchd,2010,290000
274,9600,Pave,Reg,1Story,6,6,1958,Attchd,2009,139000
275,8314,Pave,Reg,1Story,5,7,1982,Attchd,2007,124500
276,7264,Pave,Reg,1.5Fin,7,7,1925,Detchd,2009,205000
277,9196,Pave,IR1,1Story,7,5,2003,Attchd,2010,201000
278,19138,Pave,Reg,1Story,4,5,1951,Detchd,2010,141000
279,14450,Pave,Reg,1Story,9,5,2006,Attchd,2007,415298
280,10005,Pave,Reg,2Story,7,5,1977,Attchd,2008,192000
281,11287,Pave,Reg,2Story,7,6,1989,Attchd,2007,228500
282,7200,Pave,Reg,1Story,6,5,2006,Attchd,2006,185000
283,5063,Pave,Reg,1Story,7,5,2007,Attchd,2009,207500
284,9612,Pave,Reg,1Story,8,5,2008,Attchd,2009,244600
285,8012,Pave,Reg,1Story,6,5,1992,Attchd,2007,179200
286,4251,Pave,IR1,2Story,7,5,2006,Detchd,2007,164700
287,9786,Pave,IR1,1.5Fin,6,7,1962,Attchd,2006,159000
288,8125,Pave,IR1,1Story,4,4,1971,NA,2006,88000
289,9819,Pave,IR1,1Story,5,5,1967,Detchd,2010,122000
290,8730,Pave,Reg,2Story,6,7,1915,Detchd,2007,153575
291,15611,Pave,Reg,2Story,8,5,2006,Attchd,2006,233230
292,5687,Pave,Reg,2Story,5,6,1912,NA,2008,135900
293,11409,Pave,Reg,1.5Fin,5,4,1949,Attchd,2009,131000
294,16659,Pave,IR1,2Story,7,7,1977,Attchd,2006,235000
295,9600,Pave,Reg,1Story,6,5,1953,Attchd,2009,167000
296,7937,Pave,IR1,SLvl,6,6,1984,Detchd,2006,142500
297,13710,Pave,Reg,1.5Fin,5,5,1950,Attchd,2007,152000
298,7399,Pave,IR1,2Story,7,5,1997,Detchd,2007,239000
299,11700,Pave,Reg,2Story,6,6,1968,Attchd,2007,175000
300,14000,Pave,Reg,1Story,6,8,1950,Attchd,2009,158500
301,15750,Pave,Reg,1Story,5,5,1953,Attchd,2006,157000
302,16226,Pave,IR3,2Story,8,5,1998,BuiltIn,2007,267000
303,13704,Pave,IR1,1Story,7,5,2001,Attchd,2006,205000
304,9800,Pave,Reg,1Story,5,7,1972,Attchd,2006,149900
305,18386,Pave,Reg,2.5Fin,7,9,1880,Attchd,2008,295000
306,10386,Pave,Reg,1Story,8,5,2004,Attchd,2007,305900
307,13474,Pave,Reg,2Story,7,5,1990,Attchd,2007,225000
308,7920,Pave,IR1,1.5Fin,6,7,1920,NA,2008,89500
309,12342,Pave,IR1,1Story,4,5,1940,Detchd,2009,82500
310,12378,Pave,IR1,1Story,9,5,2003,Attchd,2006,360000
311,7685,Pave,IR1,2Story,6,5,1993,Attchd,2006,165600
312,8000,Pave,Reg,1Story,6,6,1948,Detchd,2009,132000
313,7800,Pave,Reg,1.5Fin,5,7,1939,Detchd,2006,119900
314,215245,Pave,IR3,1Story,7,5,1965,Attchd,2009,375000
315,9600,Pave,Reg,2Story,7,7,1925,Detchd,2006,178000
316,7795,Pave,IR1,2Story,7,5,2004,Attchd,2009,188500
317,13005,Pave,IR1,2Story,7,7,1980,Attchd,2009,260000
318,9000,Pave,Reg,2Story,8,5,2006,Attchd,2007,270000
319,9900,Pave,Reg,2Story,7,5,1993,Attchd,2009,260000
320,14115,Pave,Reg,SLvl,7,5,1980,Attchd,2009,187500
321,16259,Pave,Reg,2Story,9,5,2006,Attchd,2006,342643
322,12099,Pave,IR1,2Story,8,5,2004,BuiltIn,2007,354000
323,10380,Pave,IR1,2Story,7,5,1986,Attchd,2007,301000
324,5820,Pave,Reg,1Story,3,8,1955,Attchd,2006,126175
325,11275,Pave,Reg,SLvl,7,7,1967,BuiltIn,2010,242000
326,5000,Pave,Reg,1.5Unf,5,6,1941,Detchd,2007,87000
327,10846,Pave,IR1,1Story,8,5,1993,Attchd,2008,324000
328,11600,Pave,Reg,1Story,6,5,1960,Attchd,2006,145250
329,11888,Pave,IR1,2.5Unf,6,6,1916,Detchd,2009,214500
330,6402,Pave,Reg,2Story,5,5,1920,Detchd,2009,78000
331,10624,Pave,IR1,1Story,5,4,1964,Detchd,2007,119000
332,8176,Pave,Reg,1Story,5,6,1958,Attchd,2007,139000
333,10655,Pave,IR1,1Story,8,5,2003,Attchd,2009,284000
334,8198,Pave,Reg,1Story,7,5,2004,Attchd,2008,207000
335,9042,Pave,IR1,2Story,6,5,1998,Attchd,2008,192000
336,164660,Grvl,IR1,1.5Fin,5,6,1965,Attchd,2008,228950
337,14157,Pave,IR1,1Story,9,5,2005,Attchd,2007,377426
338,9135,Pave,Reg,1Story,7,5,2002,Attchd,2008,214000
339,14145,Pave,Reg,1Story,7,7,1984,Attchd,2006,202500
340,12400,Pave,IR1,1Story,6,7,1958,Attchd,2009,155000
341,14191,Pave,Reg,2Story,8,5,2002,Attchd,2010,202900
342,8400,Pave,Reg,1Story,4,4,1950,CarPort,2009,82000
343,8544,Pave,Reg,1Story,3,4,1949,Detchd,2006,87500
344,8849,Pave,IR1,1Story,9,5,2005,Attchd,2008,266000
345,2592,Pave,Reg,2Story,5,3,1976,Attchd,2010,85000
346,6435,Pave,Reg,1.5Fin,6,5,1939,Detchd,2006,140200
347,12772,Pave,IR1,1Story,6,8,1960,Attchd,2007,151500
348,17600,Pave,IR1,1Story,6,5,1960,Attchd,2009,157500
349,2448,Pave,Reg,2Story,7,5,2003,BuiltIn,2008,154000
350,20431,Pave,IR2,2Story,9,5,2005,Attchd,2006,437154
351,7820,Pave,IR1,1Story,9,5,2007,Attchd,2007,318061
352,5271,Pave,IR1,1Story,7,5,1986,Attchd,2006,190000
353,9084,Pave,Reg,1.5Fin,5,6,1941,Detchd,2008,95000
354,8520,Pave,Reg,1Story,6,8,1928,Detchd,2010,105900
355,8400,Pave,Reg,1.5Fin,6,5,1940,Attchd,2006,140000
356,11249,Pave,IR2,1Story,6,5,1995,Attchd,2007,177500
357,9248,Pave,IR1,1Story,6,6,1992,Attchd,2009,173000
358,4224,Pave,Reg,1Story,5,5,1976,Attchd,2007,134000
359,6930,Pave,IR1,SLvl,5,4,1958,BuiltIn,2006,130000
360,12011,Pave,IR1,2Story,8,5,1998,Attchd,2006,280000
361,7540,Pave,IR1,SFoyer,6,6,1978,Attchd,2007,156000
362,9144,Pave,Reg,1.5Fin,5,5,1940,Detchd,2008,145000
363,7301,Pave,Reg,SFoyer,7,5,2003,BuiltIn,2009,198500
364,1680,Pave,Reg,2Story,6,8,1972,Detchd,2009,118000
365,18800,Pave,IR1,2Story,6,5,1976,Attchd,2006,190000
366,10690,Pave,Reg,2Story,5,7,1920,Detchd,2009,147000
367,9500,Pave,IR1,1Story,6,5,1963,Attchd,2009,159000
368,9150,Pave,IR1,SLvl,6,5,1962,Basment,2008,165000
369,7800,Pave,Reg,1Story,5,6,1954,Attchd,2010,132000
370,9830,Pave,IR1,1Story,5,7,1959,Detchd,2010,162000
371,8121,Pave,IR1,2Story,6,5,2000,Attchd,2006,172400
372,17120,Pave,Reg,1.5Fin,4,4,1959,Detchd,2008,134432
373,7175,Pave,Reg,1Story,6,5,1984,Attchd,2010,125000
374,10634,Pave,Reg,1Story,5,6,1953,Attchd,2009,123000
375,8200,Pave,Reg,2Story,7,5,2003,BuiltIn,2007,219500
376,10020,Pave,IR1,1Story,1,1,1922,NA,2009,61000
377,8846,Pave,IR1,SFoyer,5,5,1996,Detchd,2006,148000
378,11143,Pave,IR1,2Story,8,5,2004,Attchd,2007,340000
379,11394,Pave,Reg,1Story,9,2,2010,Attchd,2010,394432
380,8123,Pave,IR1,2Story,6,5,2000,Attchd,2009,179000
381,5000,Pave,Reg,1.5Fin,5,6,1924,Detchd,2010,127000
382,7200,Pave,Reg,1Story,7,5,2006,Attchd,2006,187750
383,9245,Pave,IR1,2Story,7,5,2006,Attchd,2007,213500
384,9000,Pave,Reg,1.5Unf,6,3,1928,Detchd,2009,76000
385,53107,Pave,IR2,2Story,6,5,1992,Attchd,2007,240000
386,3182,Pave,Reg,1Story,8,5,2004,Attchd,2010,192000
387,8410,Pave,Reg,1.5Fin,5,3,1910,NA,2006,81000
388,7200,Pave,Reg,SLvl,6,6,1976,Detchd,2009,125000
389,9382,Pave,IR1,1Story,7,5,1999,Attchd,2008,191000
390,12474,Pave,Reg,2Story,10,5,2007,BuiltIn,2008,426000
391,8405,Pave,Reg,1.5Fin,5,8,1900,Detchd,2008,119000
392,12209,Pave,IR1,2Story,6,5,2001,BuiltIn,2009,215000
393,8339,Pave,IR1,1Story,5,7,1959,Attchd,2007,106500
394,7446,Pave,Reg,1Story,4,5,1941,NA,2006,100000
395,10134,Pave,Reg,1.5Fin,5,6,1940,Detchd,2007,109000
396,9571,Pave,Reg,1Story,5,6,1956,Attchd,2010,129000
397,7200,Pave,Reg,1Story,5,5,1972,Detchd,2009,123000
398,7590,Pave,Reg,2Story,5,5,1962,Attchd,2007,169500
399,8967,Pave,Reg,1Story,5,2,1920,Detchd,2007,67000
400,8125,Pave,Reg,2Story,7,5,2006,Attchd,2009,241000
401,14963,Pave,IR2,1Story,8,5,1996,Attchd,2008,245500
402,8767,Pave,IR1,1Story,7,5,2005,Attchd,2006,164990
403,10200,Pave,Reg,1Story,5,8,1940,Detchd,2008,108000
404,12090,Pave,Reg,2Story,8,5,1998,BuiltIn,2006,258000
405,10364,Pave,IR1,2Story,6,5,1995,BuiltIn,2007,168000
406,9991,Pave,IR1,1Story,4,4,1976,Attchd,2009,150000
407,10480,Pave,Reg,1.5Fin,6,5,1936,Detchd,2008,115000
408,15576,Pave,Reg,2Story,6,7,1915,Attchd,2008,177000
409,14154,Pave,Reg,2Story,7,5,2006,Attchd,2007,280000
410,10800,Pave,Reg,2Story,8,5,2007,Attchd,2008,339750
411,9571,Pave,Reg,1Story,5,3,1958,Attchd,2009,60000
412,34650,Pave,Reg,1Story,5,5,1955,Attchd,2006,145000
413,4403,Pave,IR2,1Story,7,5,2009,Attchd,2010,222000
414,8960,Pave,Reg,1Story,5,6,1927,Detchd,2010,115000
415,11228,Pave,IR2,2Story,7,5,1993,Attchd,2008,228000
416,8899,Pave,IR1,1Story,7,5,2007,Attchd,2007,181134
417,7844,Pave,Reg,2Story,6,7,1978,Attchd,2006,149500
418,22420,Pave,IR1,2Story,6,6,1918,Detchd,2007,239000
419,8160,Pave,Reg,1.5Fin,5,6,1940,Detchd,2007,126000
420,8450,Pave,Reg,1Story,5,6,1968,Attchd,2010,142000
421,7060,Pave,Reg,SFoyer,7,5,1997,Attchd,2008,206300
422,16635,Pave,IR1,1Story,6,7,1977,Attchd,2009,215000
423,21750,Pave,Reg,1Story,5,5,1954,Attchd,2008,113000
424,9200,Pave,Reg,2Story,8,5,1998,Attchd,2008,315000
425,9000,Pave,Reg,1Story,6,5,1956,Attchd,2008,139000
426,3378,Pave,Reg,2Story,7,8,1946,Detchd,2009,135000
427,12800,Pave,Reg,SLvl,7,5,1989,Attchd,2009,275000
428,8593,Pave,IR1,1Story,4,6,1957,Detchd,2008,109008
429,6762,Pave,Reg,1Story,7,5,2007,Attchd,2007,195400
430,11457,Pave,IR1,1Story,6,5,1988,Attchd,2009,175000
431,1680,Pave,Reg,2Story,6,5,1971,Detchd,2008,85400
432,5586,Pave,IR1,1.5Fin,6,7,1920,NA,2008,79900
433,1920,Pave,Reg,2Story,5,5,1971,Detchd,2007,122500
434,10839,Pave,IR1,2Story,6,5,1997,Attchd,2008,181000
435,1890,Pave,Reg,SFoyer,4,7,1972,NA,2008,81000
436,10667,Pave,IR2,2Story,7,6,1996,Attchd,2009,212000
437,4400,Pave,Reg,1.5Fin,6,8,1920,Detchd,2006,116000
438,6000,Pave,Reg,1.5Unf,6,7,1926,Detchd,2009,119000
439,4280,Pave,Reg,1Story,5,6,1913,Detchd,2007,90350
440,12354,Pave,Reg,1.5Fin,6,8,1920,Detchd,2009,110000
441,15431,Pave,Reg,1Story,10,5,2008,Attchd,2009,555000
442,12108,Pave,Reg,1Story,4,4,1955,NA,2008,118000
443,6240,Pave,Reg,1.5Fin,5,7,1930,Detchd,2008,162900
444,3922,Pave,Reg,1Story,7,5,2006,Attchd,2007,172500
445,8750,Pave,Reg,2Story,7,5,1994,Attchd,2008,210000
446,9855,Pave,Reg,1Story,6,5,1956,Attchd,2009,127500
447,16492,Pave,IR1,1Story,6,6,1966,Attchd,2010,190000
448,11214,Pave,IR1,2Story,7,5,1998,Attchd,2006,199900
449,8600,Pave,Reg,1.5Fin,6,6,1937,Detchd,2006,119500
450,6000,Pave,Reg,1.5Fin,3,7,1948,Detchd,2007,120000
451,5684,Pave,Reg,1Story,6,8,1930,Detchd,2006,110000
452,70761,Pave,IR1,1Story,7,5,1975,Attchd,2006,280000
453,9303,Pave,IR1,2Story,6,5,1996,Attchd,2007,204000
454,9000,Pave,Reg,2Story,8,5,2008,Attchd,2009,210000
455,9297,Pave,Reg,1Story,5,5,1976,Detchd,2006,188000
456,9600,Pave,Reg,1Story,7,6,1973,Attchd,2007,175500
457,4571,Pave,Reg,2Story,5,5,1916,Detchd,2008,98000
458,53227,Pave,IR1,1Story,4,6,1954,Attchd,2008,256000
459,5100,Pave,Reg,2Story,8,7,1925,Detchd,2008,161000
460,7015,Pave,IR1,1.5Fin,5,4,1950,Detchd,2009,110000
461,8004,Pave,IR1,2Story,8,5,2009,BuiltIn,2009,263435
462,7200,Pave,Reg,2Story,7,9,1936,Detchd,2009,155000
463,8281,Pave,IR1,1Story,5,5,1965,Detchd,2009,62383
464,11988,Pave,IR1,2Story,6,7,1934,Detchd,2008,188700
465,8430,Pave,Reg,1Story,5,5,1978,NA,2009,124000
466,3072,Pave,Reg,1Story,7,5,2004,Attchd,2006,178740
467,10628,Pave,Reg,1Story,7,5,1970,Attchd,2007,167000
468,9480,Pave,Reg,2Story,5,7,1942,Attchd,2007,146500
469,11428,Pave,IR1,1Story,8,5,2006,Attchd,2007,250000
470,9291,Pave,IR1,2Story,6,5,1993,Attchd,2008,187000
471,6820,Pave,IR1,1Story,8,5,1985,Attchd,2010,212000
472,11952,Pave,Reg,2Story,7,6,1977,Attchd,2007,190000
473,3675,Pave,Reg,SLvl,6,5,2005,Basment,2008,148000
474,14977,Pave,IR1,1Story,8,5,2006,Attchd,2007,440000
475,5330,Pave,Reg,1Story,8,5,2000,Attchd,2007,251000
476,8480,Pave,Reg,1Story,5,6,1963,Detchd,2007,132500
477,13125,Pave,Reg,1Story,6,5,1997,Attchd,2008,208900
478,13693,Pave,Reg,2Story,9,5,2006,BuiltIn,2007,380000
479,10637,Pave,Reg,1Story,8,5,2007,Attchd,2009,297000
480,5925,Pave,Reg,1Story,4,7,1937,Detchd,2007,89471
481,16033,Pave,IR1,1Story,9,5,2004,Attchd,2006,326000
482,11846,Pave,IR1,1Story,9,5,2003,Attchd,2006,374000
483,2500,Pave,Reg,2Story,7,8,1915,Attchd,2009,155000
484,4500,Pave,Reg,1Story,6,5,1998,Attchd,2006,164000
485,7758,Pave,IR1,1Story,5,7,1962,Detchd,2007,132500
486,9600,Pave,Reg,1Story,5,7,1950,Attchd,2009,147000
487,10289,Pave,Reg,1Story,5,7,1965,Attchd,2007,156000
488,12243,Pave,IR1,1Story,5,6,1971,Attchd,2007,175000
489,10800,Pave,Reg,1.5Fin,5,4,1900,Attchd,2006,160000
490,1526,Pave,Reg,SFoyer,4,8,1970,Attchd,2009,86000
491,2665,Pave,Reg,2Story,5,6,1976,BuiltIn,2008,115000
492,9490,Pave,Reg,1.5Fin,6,7,1941,Attchd,2006,133000
493,15578,Pave,IR1,2Story,6,5,2006,Attchd,2006,172785
494,7931,Pave,Reg,1Story,5,6,1960,Detchd,2008,155000
495,5784,Pave,Reg,1Story,5,8,1938,Attchd,2009,91300
496,7879,Pave,Reg,1Story,4,5,1920,NA,2009,34900
497,12692,Pave,IR1,1Story,8,5,1992,Attchd,2007,430000
498,9120,Pave,Reg,1.5Fin,7,6,1925,Detchd,2008,184000
499,7800,Pave,Reg,1Story,5,7,1967,Attchd,2009,130000
500,7535,Pave,IR1,1Story,5,7,1958,Attchd,2007,120000
501,1890,Pave,Reg,2Story,6,5,1973,Detchd,2007,113000
502,9803,Pave,Reg,2Story,7,5,2005,Attchd,2008,226700
503,9170,Pave,Reg,1Story,5,7,1965,Detchd,2007,140000
504,15602,Pave,IR1,1Story,7,8,1959,Attchd,2010,289000
505,2308,Pave,Reg,2Story,6,5,1974,Attchd,2009,147000
506,7596,Pave,Reg,2Story,5,5,1952,Detchd,2009,124500
507,9554,Pave,IR1,2Story,8,5,1993,Attchd,2006,215000
508,7862,Pave,IR1,1Story,6,5,2009,Attchd,2009,208300
509,9600,Pave,Reg,2Story,7,9,1928,Detchd,2008,161000
510,9600,Pave,Reg,1Story,5,6,1959,Attchd,2009,124500
511,14559,Pave,Reg,1Story,5,7,1951,CarPort,2009,164900
512,6792,Pave,IR1,1Story,7,5,2005,Attchd,2006,202665
513,9100,Pave,Reg,1Story,5,5,1958,Detchd,2006,129900
514,9187,Pave,Reg,1Story,6,5,1983,Attchd,2007,134000
515,10594,Pave,Reg,1.5Unf,5,5,1926,Detchd,2007,96500
516,12220,Pave,Reg,1Story,10,5,2009,Attchd,2009,402861
517,10448,Pave,IR1,SLvl,6,6,1972,Attchd,2009,158000
518,10208,Pave,IR1,2Story,7,5,1996,Attchd,2009,265000
519,9531,Pave,IR1,2Story,6,5,1998,Attchd,2007,211000
520,10918,Pave,Reg,2Story,7,9,1926,Detchd,2009,234000
521,10800,Pave,Reg,2Story,4,7,1900,NA,2008,106250
522,11988,Pave,IR1,1Story,6,6,1957,Attchd,2007,150000
523,5000,Pave,Reg,1.5Fin,6,7,1947,Detchd,2006,159000
524,40094,Pave,IR1,2Story,10,5,2007,BuiltIn,2007,184750
525,11787,Pave,IR1,2Story,7,5,1996,Attchd,2007,315750
526,7500,Pave,Reg,1Story,7,5,2005,Attchd,2006,176000
527,13300,Pave,Reg,1Story,5,7,1956,Attchd,2007,132000
528,14948,Pave,IR1,2Story,9,5,2008,Attchd,2008,446261
529,9098,Pave,IR1,1Story,4,7,1920,NA,2007,86000
530,32668,Pave,IR1,1Story,6,3,1957,Attchd,2007,200624
531,10200,Pave,Reg,SLvl,6,5,1988,Attchd,2008,175000
532,6155,Pave,IR1,2Story,6,8,1920,Detchd,2008,128000
533,7200,Pave,Reg,1Story,5,7,1955,Detchd,2010,107500
534,5000,Pave,Reg,1Story,1,3,1946,NA,2007,39300
535,9056,Pave,IR1,2Story,8,5,2004,Attchd,2006,178000
536,7000,Pave,Reg,2Story,5,7,1910,NA,2008,107500
537,8924,Pave,IR1,2Story,7,5,1998,Attchd,2008,188000
538,12735,Pave,IR1,1Story,4,5,1972,Detchd,2008,111250
539,11553,Pave,IR1,1Story,5,5,1968,Attchd,2006,158000
540,11423,Pave,Reg,1Story,8,5,2001,Attchd,2010,272000
541,14601,Pave,Reg,1Story,9,5,2006,Attchd,2009,315000
542,11000,Pave,Reg,2Story,8,5,2000,BuiltIn,2007,248000
543,10140,Pave,Reg,1Story,7,5,1998,Attchd,2009,213250
544,4058,Pave,Reg,SFoyer,7,5,1998,Attchd,2007,133000
545,17104,Pave,IR1,2Story,7,5,2006,Attchd,2006,179665
546,13837,Pave,IR1,1.5Fin,7,5,1988,Attchd,2006,229000
547,8737,Pave,IR1,1.5Fin,6,7,1923,Detchd,2007,210000
548,7244,Pave,Reg,SFoyer,5,7,1970,Detchd,2007,129500
549,8235,Pave,IR1,1Story,5,7,1955,Detchd,2008,125000
550,9375,Pave,Reg,2Story,7,5,2003,BuiltIn,2009,263000
551,4043,Pave,Reg,1Story,6,6,1977,Attchd,2008,140000
552,6000,Pave,Reg,1Story,5,6,1957,Attchd,2008,112500
553,11146,Pave,IR1,1Story,8,5,2006,Attchd,2009,255500
554,8777,Pave,Reg,1Story,4,5,1949,Detchd,2009,108000
555,10625,Pave,Reg,2Story,7,5,2003,BuiltIn,2008,284000
556,6380,Pave,Reg,1.5Unf,5,6,1922,Detchd,2006,113000
557,14850,Pave,IR1,1Story,5,5,1957,Attchd,2006,141000
558,11040,Pave,Reg,1.5Fin,4,6,1920,CarPort,2006,108000
559,21872,Pave,IR2,2Story,7,5,1996,Attchd,2008,175000
560,3196,Pave,Reg,1Story,7,5,2003,Attchd,2006,234000
561,11341,Pave,IR1,1Story,5,6,1957,Detchd,2010,121500
562,10010,Pave,Reg,1Story,5,5,1974,Attchd,2006,170000
563,13907,Pave,Reg,1Story,5,6,1940,NA,2008,108000
564,21780,Pave,Reg,1.5Fin,6,7,1918,Detchd,2008,185000
565,13346,Pave,IR1,2Story,7,5,1992,Attchd,2006,268000
566,6858,Pave,Reg,2Story,6,4,1915,Detchd,2010,128000
567,11198,Pave,IR1,2Story,9,5,2005,BuiltIn,2008,325000
568,10171,Pave,IR1,1Story,7,5,2004,Attchd,2010,214000
569,12327,Pave,IR1,1.5Fin,8,8,1983,BuiltIn,2009,316600
570,7032,Pave,IR1,SFoyer,5,5,1979,Detchd,2006,135960
571,13101,Pave,IR1,1Story,5,5,1965,Detchd,2008,142600
572,7332,Pave,Reg,1Story,6,6,1959,Attchd,2006,120000
573,13159,Pave,IR1,2Story,7,5,2009,Attchd,2009,224500
574,9967,Pave,IR1,SLvl,7,5,2000,BuiltIn,2007,170000
575,10500,Pave,Reg,SLvl,5,7,1971,BuiltIn,2007,139000
576,8480,Pave,Reg,1.5Fin,5,5,1947,Detchd,2008,118500
577,6292,Pave,Reg,1.5Fin,7,7,1928,Detchd,2009,145000
578,11777,Pave,IR1,SLvl,5,6,1966,Attchd,2006,164500
579,3604,Pave,Reg,2Story,7,5,2007,Detchd,2008,146000
580,12150,Pave,Reg,1.5Fin,5,5,1954,Attchd,2008,131500
581,14585,Pave,IR1,1Story,6,6,1960,Attchd,2007,181900
582,12704,Pave,Reg,1Story,8,5,2008,Attchd,2009,253293
583,11841,Grvl,Reg,SFoyer,6,5,1990,NA,2007,118500
584,13500,Pave,Reg,2.5Unf,10,9,1893,Detchd,2008,325000
585,6120,Pave,Reg,1.5Fin,4,7,1935,Detchd,2009,133000
586,11443,Pave,Reg,1Story,8,5,2005,Attchd,2006,369900
587,10267,Pave,Reg,1Story,6,7,1918,Detchd,2008,130000
588,8740,Pave,IR1,SFoyer,5,6,1982,Detchd,2009,137000
589,25095,Pave,IR1,1Story,5,8,1968,Attchd,2009,143000
590,9100,Pave,Reg,1Story,5,6,1930,Detchd,2008,79500
591,8320,Pave,Reg,2Story,7,5,2004,Attchd,2008,185900
592,13478,Pave,IR1,2Story,10,5,2008,BuiltIn,2009,451950
593,6600,Pave,Reg,1Story,5,8,1982,Detchd,2008,138000
594,4435,Pave,Reg,1Story,6,5,2003,Attchd,2009,140000
595,7990,Pave,IR1,1Story,5,6,1975,Detchd,2008,110000
596,11302,Pave,IR1,1Story,8,5,2005,Attchd,2006,319000
597,3600,Pave,Reg,2Story,6,7,1910,Detchd,2006,114504
598,3922,Pave,Reg,1Story,7,5,2006,Attchd,2007,194201
599,12984,Pave,Reg,1Story,5,6,1977,Attchd,2006,217500
600,1950,Pave,Reg,2Story,6,6,1980,Attchd,2008,151000
601,10927,Pave,Reg,2Story,8,5,2005,BuiltIn,2006,275000
602,9000,Pave,Reg,1.5Fin,6,6,1937,Detchd,2007,141000
603,10041,Pave,IR1,2Story,8,5,1992,Attchd,2006,220000
604,3182,Pave,Reg,2Story,7,5,2004,Detchd,2010,151000
605,12803,Pave,IR1,1Story,7,5,2002,Attchd,2008,221000
606,13600,Pave,Reg,2Story,7,6,1965,Attchd,2009,205000
607,12464,Pave,IR2,1Story,5,5,1996,Detchd,2009,152000
608,7800,Pave,Reg,2Story,5,8,1948,Attchd,2006,225000
609,12168,Pave,Reg,2Story,8,6,1934,Basment,2007,359100
610,7943,Pave,Reg,1Story,4,5,1961,Attchd,2007,118500
611,11050,Pave,Reg,2Story,9,5,2000,Attchd,2009,313000
612,10395,Pave,IR1,SLvl,6,6,1978,Attchd,2007,148000
613,11885,Pave,Reg,2Story,8,5,2001,BuiltIn,2009,261500
614,8402,Pave,Reg,1Story,5,5,2007,NA,2007,147000
615,1491,Pave,Reg,SFoyer,4,6,1972,NA,2010,75500
616,8800,Pave,Reg,SFoyer,6,7,1963,Attchd,2010,137500
617,7861,Pave,IR1,2Story,6,5,2002,Attchd,2006,183200
618,7227,Pave,Reg,1.5Unf,6,6,1954,Detchd,2008,105500
619,11694,Pave,Reg,1Story,9,5,2007,Attchd,2007,314813
620,12244,Pave,Reg,2Story,8,5,2003,Attchd,2008,305000
621,8248,Pave,Reg,1Story,3,3,1914,NA,2008,67000
622,10800,Pave,Reg,2Story,6,7,1974,Attchd,2008,240000
623,7064,Pave,Reg,1Story,5,6,1977,Detchd,2009,135000
624,2117,Pave,Reg,2Story,6,5,2000,Detchd,2007,168500
625,10400,Pave,Reg,2Story,6,5,1972,Attchd,2006,165150
626,10000,Pave,IR1,1Story,6,6,1962,Attchd,2010,160000
627,12342,Pave,IR1,1Story,5,5,1960,Attchd,2007,139900
628,9600,Pave,Reg,SLvl,6,6,1955,Basment,2010,153000
629,11606,Pave,IR1,2Story,5,5,1969,Attchd,2007,135000
630,9020,Pave,Reg,SLvl,6,5,1964,Attchd,2008,168500
631,9000,Pave,Reg,2Story,5,6,1880,Detchd,2006,124000
632,4590,Pave,Reg,1Story,8,5,2006,Attchd,2007,209500
633,11900,Pave,Reg,1Story,7,5,1977,Attchd,2009,82500
634,9250,Pave,Reg,1Story,5,7,1954,Attchd,2007,139400
635,6979,Pave,Reg,SFoyer,6,5,1980,Detchd,2010,144000
636,10896,Pave,Reg,2.5Fin,6,7,1914,NA,2007,200000
637,6120,Pave,Reg,1Story,2,3,1936,NA,2009,60000
638,6000,Pave,Reg,1.5Fin,5,4,1954,BuiltIn,2009,93000
639,8777,Pave,Reg,1Story,5,7,1910,NA,2008,85000
640,3982,Pave,Reg,1Story,8,5,2006,Attchd,2006,264561
641,12677,Pave,IR1,1Story,8,5,2003,Attchd,2008,274000
642,7050,Pave,Reg,2Story,7,5,2001,Attchd,2007,226000
643,13860,Pave,Reg,SLvl,8,7,1972,Attchd,2009,345000
644,10793,Pave,Reg,2Story,5,5,1969,Attchd,2007,152000
645,9187,Pave,Reg,1Story,9,5,2009,Attchd,2009,370878
646,10530,Pave,IR1,1Story,6,5,1971,Detchd,2007,143250
647,7200,Pave,Reg,1Story,5,5,1950,Detchd,2008,98300
648,10452,Pave,IR1,1Story,6,5,1953,Attchd,2008,155000
649,7700,Pave,Reg,2Story,6,5,1966,Attchd,2010,155000
650,1936,Pave,Reg,SFoyer,4,6,1970,NA,2007,84500
651,8125,Pave,Reg,2Story,7,6,2007,Attchd,2008,205950
652,9084,Pave,Reg,2Story,4,5,1940,Detchd,2009,108000
653,8750,Pave,Reg,2Story,7,5,1996,Attchd,2009,191000
654,10320,Pave,Reg,1.5Fin,6,7,1906,Detchd,2008,135000
655,10437,Pave,IR1,1Story,8,6,1995,Attchd,2008,350000
656,1680,Pave,Reg,2Story,6,5,1971,Detchd,2010,88000
657,10007,Pave,IR1,1Story,5,7,1959,Attchd,2008,145500
658,7200,Pave,Reg,2Story,7,6,1931,Attchd,2008,149000
659,17503,Pave,Reg,1.5Fin,6,5,1948,Attchd,2010,97500
660,9937,Pave,Reg,1Story,5,7,1964,Detchd,2009,167000
661,12384,Pave,Reg,2Story,7,7,1976,Attchd,2007,197900
662,46589,Pave,IR2,2Story,8,7,1994,Attchd,2009,402000
663,13560,Pave,Reg,1Story,6,3,1968,Attchd,2009,110000
664,10012,Pave,Reg,SFoyer,4,5,1972,Detchd,2008,137500
665,20896,Pave,IR2,1Story,8,5,2005,Attchd,2006,423000
666,11194,Pave,IR1,2Story,8,5,2000,Attchd,2006,230500
667,18450,Pave,IR1,2Story,6,5,1965,CarPort,2007,129000
668,8125,Pave,Reg,1Story,6,5,1994,Attchd,2008,193500
669,14175,Pave,Reg,1Story,5,6,1956,Detchd,2006,168000
670,11600,Pave,Reg,1Story,4,5,1922,Detchd,2006,137500
671,8633,Pave,Reg,2Story,6,5,2005,Attchd,2009,173500
672,6629,Pave,Reg,2Story,6,6,1925,Detchd,2009,103600
673,11250,Pave,IR1,1Story,6,6,1977,Attchd,2006,165000
674,14442,Pave,Reg,1Story,6,7,1957,Attchd,2007,257500
675,9200,Pave,Reg,1Story,6,6,1965,Attchd,2008,140000
676,2289,Pave,Reg,2Story,6,6,1978,Attchd,2009,148500
677,9600,Pave,Reg,2Story,4,2,1900,2Types,2006,87000
678,9022,Pave,Reg,1Story,5,8,1924,Detchd,2009,109500
679,11844,Pave,IR1,1Story,8,5,2008,Attchd,2009,372500
680,9945,Pave,IR1,1Story,5,5,1961,Detchd,2007,128500
681,8012,Pave,Reg,1Story,6,5,1980,Attchd,2010,143000
682,4500,Pave,IR2,1.5Fin,5,5,1932,Detchd,2009,159434
683,2887,Pave,Reg,1Story,6,5,1996,Attchd,2008,173000
684,11248,Pave,IR1,1Story,9,5,2002,Attchd,2007,285000
685,16770,Pave,IR2,2Story,7,5,1998,Attchd,2010,221000
686,5062,Pave,IR1,2Story,7,5,1984,Attchd,2007,207500
687,10207,Pave,Reg,2Story,7,6,2007,Attchd,2007,227875
688,5105,Pave,IR2,2Story,7,5,2004,Detchd,2007,148800
689,8089,Pave,Reg,1Story,8,6,2007,Attchd,2007,392000
690,7577,Pave,IR1,1Story,6,5,2005,Attchd,2007,194700
691,4426,Pave,Reg,1Story,6,5,2004,Attchd,2008,141000
692,21535,Pave,IR1,2Story,10,6,1994,Attchd,2007,755000
693,26178,Pave,IR1,2Story,7,5,1989,Attchd,2006,335000
694,5400,Pave,Reg,1Story,5,6,1921,Detchd,2006,108480
695,6120,Pave,Reg,1.5Fin,5,6,1936,Detchd,2009,141500
696,13811,Pave,IR1,1Story,6,6,1987,Attchd,2006,176000
697,6000,Pave,Reg,1Story,5,7,1921,Detchd,2006,89000
698,6420,Pave,IR1,1Story,5,7,1952,Detchd,2006,123500
699,8450,Pave,Reg,1Story,5,8,1965,Detchd,2010,138500
700,4282,Pave,IR2,1Story,7,5,2004,Attchd,2008,196000
701,14331,Pave,Reg,1Story,8,5,2002,Attchd,2006,312500
702,9600,Pave,Reg,1Story,7,5,1969,Attchd,2006,140000
703,12438,Pave,IR1,2Story,8,5,2006,BuiltIn,2006,361919
704,7630,Pave,Reg,2Story,5,9,1900,Detchd,2010,140000
705,8400,Pave,Reg,1Story,7,5,2004,Attchd,2010,213000
706,5600,Pave,Reg,2Story,4,5,1930,NA,2010,55000
707,115149,Pave,IR2,1Story,7,5,1971,Attchd,2007,302000
708,6240,Pave,Reg,1Story,8,5,2006,Attchd,2009,254000
709,9018,Pave,IR1,2Story,7,5,2007,Attchd,2007,179540
710,7162,Pave,IR1,1Story,5,7,1966,Attchd,2008,109900
711,4130,Pave,IR1,1Story,3,6,1935,NA,2008,52000
712,8712,Pave,Reg,1.5Fin,4,7,1900,Detchd,2010,102776
713,4671,Pave,IR1,1Story,8,5,1988,Attchd,2008,189000
714,9873,Pave,Reg,1Story,4,5,1970,Detchd,2006,129000
715,13517,Pave,IR1,2Story,6,8,1976,Attchd,2010,130500
716,10140,Pave,Reg,1Story,6,5,1974,Attchd,2009,165000
717,10800,Pave,Reg,2Story,7,8,1890,Detchd,2007,159500
718,10000,Pave,Reg,1Story,5,6,1973,Attchd,2008,157000
719,10542,Pave,Reg,2Story,7,5,1993,Attchd,2008,341000
720,9920,Pave,IR1,1Story,5,6,1969,Attchd,2006,128500
721,6563,Pave,IR1,1Story,8,5,1985,Attchd,2006,275000
722,4426,Pave,Reg,1Story,6,5,2004,Attchd,2010,143000
723,8120,Pave,Reg,1Story,4,7,1970,Detchd,2009,124500
724,8172,Pave,Reg,1.5Fin,4,6,1954,Detchd,2008,135000
725,13286,Pave,IR1,1Story,9,5,2007,Attchd,2009,320000
726,6960,Pave,Reg,1Story,4,6,1970,Detchd,2009,120500
727,21695,Pave,IR1,1Story,6,9,1988,Attchd,2009,222000
728,7314,Pave,Reg,1Story,7,5,2007,Attchd,2009,194500
729,11475,Pave,Reg,1Story,5,5,1958,Detchd,2009,110000
730,6240,Pave,Reg,1.5Fin,4,5,1925,Detchd,2009,103000
731,5389,Pave,IR1,1Story,8,5,1995,Attchd,2010,236500
732,9590,Pave,IR1,SLvl,7,5,2003,Attchd,2007,187500
733,11404,Pave,IR1,2Story,7,5,1998,Attchd,2008,222500
734,10000,Pave,Reg,1Story,5,6,1961,Attchd,2009,131400
735,8978,Pave,IR1,1Story,5,5,1968,Attchd,2007,108000
736,10800,Pave,Reg,2.5Unf,7,7,1914,Detchd,2006,163000
737,8544,Pave,Reg,1Story,3,4,1950,Detchd,2006,93500
738,10463,Pave,IR1,2Story,8,5,2005,Attchd,2006,239900
739,10800,Pave,Reg,1Story,5,5,1987,NA,2009,179000
740,9313,Pave,IR1,2Story,7,5,2004,Attchd,2009,190000
741,9600,Pave,Reg,2Story,5,7,1910,Detchd,2007,132000
742,6768,Pave,IR1,1Story,6,8,1961,Detchd,2008,142000
743,8450,Pave,Reg,1Story,7,5,2000,Attchd,2007,179000
744,12886,Pave,IR1,SLvl,5,6,1963,Attchd,2009,175000
745,5395,Pave,IR1,1Story,8,5,1993,Attchd,2008,180000
746,8963,Pave,IR1,2Story,8,9,1976,BuiltIn,2008,299800
747,8795,Pave,IR1,2Story,7,5,2000,BuiltIn,2009,236000
748,11700,Pave,IR1,2Story,7,7,1880,Detchd,2009,265979
749,10593,Pave,IR1,1Story,7,5,1996,Attchd,2010,260400
750,8405,Pave,Reg,1.5Fin,4,3,1945,Detchd,2009,98000
751,8800,Pave,Reg,1.5Fin,4,7,1910,NA,2010,96500
752,7750,Pave,Reg,2Story,7,5,2003,Attchd,2007,162000
753,9236,Pave,IR1,1Story,6,5,1997,Attchd,2006,217000
754,10240,Pave,Reg,2Story,8,5,2005,Attchd,2006,275500
755,7930,Pave,Reg,1Story,6,8,1969,Detchd,2009,156000
756,3230,Pave,Reg,2Story,6,5,1999,Detchd,2009,172500
757,10769,Pave,IR1,2Story,8,5,2007,Attchd,2009,212000
758,11616,Pave,IR1,2Story,6,5,1978,Attchd,2010,158900
759,2280,Pave,Reg,2Story,7,5,1999,Detchd,2008,179400
760,12257,Pave,IR1,2Story,8,5,1995,Attchd,2007,290000
761,9100,Pave,Reg,1Story,6,6,1959,Detchd,2009,127500
762,6911,Pave,Reg,1Story,5,5,1924,Detchd,2009,100000
763,8640,Pave,Reg,2Story,7,5,2009,Attchd,2010,215200
764,9430,Pave,Reg,2Story,8,5,1999,Attchd,2009,337000
765,9549,Pave,IR1,1Story,8,5,1995,Attchd,2006,270000
766,14587,Pave,IR1,1Story,9,5,2008,Attchd,2008,264132
767,10421,Pave,Reg,2Story,7,5,1988,Attchd,2010,196500
768,12508,Pave,IR1,1.5Fin,6,7,1940,Attchd,2008,160000
769,9100,Pave,Reg,1Story,7,5,2004,Attchd,2006,216837
770,53504,Pave,IR2,2Story,8,5,2003,BuiltIn,2010,538000
771,7252,Pave,IR1,SFoyer,5,5,1982,Detchd,2009,134900
772,8877,Pave,Reg,1Story,4,5,1951,Detchd,2006,102000
773,7819,Pave,Reg,SLvl,6,5,1976,Detchd,2010,107000
774,10150,Pave,Reg,1Story,5,5,1958,Attchd,2007,114500
775,14226,Pave,Reg,1Story,8,5,2006,Attchd,2007,395000
776,4500,Pave,Reg,1Story,6,5,1998,Attchd,2009,162000
777,11210,Pave,IR1,1Story,7,5,2005,Attchd,2006,221500
778,13350,Pave,IR1,1Story,5,5,1974,Attchd,2006,142500
779,8400,Pave,Reg,1Story,5,5,1977,Detchd,2007,144000
780,10530,Pave,Reg,SFoyer,6,5,1977,Attchd,2006,135000
781,7875,Pave,Reg,1Story,7,5,1995,Attchd,2007,176000
782,7153,Pave,Reg,2Story,6,5,1992,Attchd,2006,175900
783,16285,Pave,IR2,1Story,7,5,2001,Attchd,2009,187100
784,9101,Pave,IR1,SFoyer,5,6,1978,Attchd,2009,165500
785,6300,Pave,Reg,2.5Unf,6,6,1914,NA,2008,128000
786,9790,Pave,Reg,1Story,6,5,1967,Attchd,2009,161500
787,10800,Pave,Reg,1.5Fin,5,6,1915,Detchd,2010,139000
788,10142,Pave,IR1,2Story,7,5,2004,BuiltIn,2010,233000
789,6000,Pave,Reg,1Story,4,7,1954,Detchd,2008,107900
790,12205,Pave,IR1,2Story,6,8,1966,Attchd,2007,187500
791,3182,Pave,Reg,1Story,7,5,2005,Attchd,2009,160200
792,11333,Pave,IR1,SLvl,6,5,1976,Attchd,2007,146800
793,9920,Pave,IR1,2Story,7,5,1996,Attchd,2007,269790
794,9158,Pave,Reg,1Story,8,5,2007,Attchd,2007,225000
795,10832,Pave,IR1,2Story,7,5,1994,Attchd,2008,194500
796,8400,Pave,Reg,2Story,6,6,1980,Attchd,2010,171000
797,8197,Pave,Reg,1Story,6,5,1977,Attchd,2007,143500
798,7677,Pave,Reg,1Story,5,5,1953,Attchd,2008,110000
799,13518,Pave,Reg,2Story,9,5,2008,BuiltIn,2009,485000
800,7200,Pave,Reg,1.5Fin,5,7,1937,Detchd,2007,175000
801,12798,Pave,IR1,2Story,6,5,1997,Attchd,2008,200000
802,4800,Pave,Reg,1Story,4,7,1916,Detchd,2007,109900
803,8199,Pave,Reg,2Story,7,5,2005,Attchd,2008,189000
804,13891,Pave,Reg,2Story,9,5,2008,BuiltIn,2009,582933
805,9000,Pave,Reg,1Story,5,5,1954,Attchd,2006,118000
806,12274,Pave,IR1,1Story,7,5,2008,Attchd,2008,227680
807,9750,Pave,Reg,SLvl,5,5,1967,Attchd,2006,135500
808,21384,Pave,Reg,2Story,5,6,1923,Attchd,2009,223500
809,13400,Pave,Reg,SLvl,5,5,1966,Attchd,2006,159950
810,8100,Pave,Reg,2.5Unf,5,5,1898,Detchd,2009,106000
811,10140,Pave,Reg,1Story,6,6,1974,Attchd,2006,181000
812,4438,Pave,Reg,1Story,6,5,2004,Attchd,2008,144500
813,8712,Grvl,Reg,1Story,5,5,1952,Basment,2010,55993
814,9750,Pave,Reg,1Story,6,6,1958,Attchd,2007,157900
815,8248,Pave,Reg,1.5Fin,5,7,1918,Detchd,2006,116000
816,12137,Pave,IR2,1Story,7,5,1998,Attchd,2010,224900
817,11425,Pave,IR1,1Story,5,6,1954,Attchd,2006,137000
818,13265,Pave,IR1,1Story,8,5,2002,Attchd,2008,271000
819,8816,Pave,Reg,SLvl,6,7,1971,Attchd,2010,155000
820,6371,Pave,IR1,1Story,7,5,2009,Attchd,2010,224000
821,7226,Pave,IR1,2Story,7,5,2003,Attchd,2008,183000
822,6000,Pave,Reg,1Story,4,4,1953,Detchd,2009,93000
823,12394,Pave,IR1,2Story,7,5,2003,BuiltIn,2007,225000
824,9900,Pave,Reg,1.5Fin,6,7,1940,Detchd,2009,139500
825,11216,Pave,Reg,1Story,8,5,2006,Attchd,2006,232600
826,14803,Pave,Reg,1Story,10,5,2007,Attchd,2008,385000
827,6130,Pave,Reg,1.5Unf,5,6,1924,NA,2008,109500
828,8529,Pave,IR1,1Story,7,5,2001,Attchd,2009,189000
829,28698,Pave,IR2,2Story,5,5,1967,Attchd,2009,185000
830,2544,Pave,Reg,2Story,7,5,2005,Detchd,2006,147400
831,11900,Pave,IR1,1Story,6,5,1957,Attchd,2008,166000
832,3180,Pave,Reg,2Story,7,5,2005,Detchd,2006,151000
833,9548,Pave,IR1,2Story,7,6,2003,Attchd,2010,237000
834,10004,Pave,Reg,1Story,6,6,1964,Attchd,2009,167000
835,7875,Pave,Reg,1Story,5,6,1961,Attchd,2008,139950
836,9600,Pave,Reg,1Story,4,7,1950,Attchd,2010,128000
837,8100,Pave,Reg,1Story,5,6,1948,Detchd,2007,153500
838,1680,Pave,Reg,2Story,6,5,1973,Detchd,2008,100000
839,9525,Pave,Reg,1Story,5,6,1995,Attchd,2008,144000
840,11767,Pave,Reg,1.5Fin,5,6,1946,Detchd,2008,130500
841,12155,Pave,IR1,2Story,6,8,1925,Detchd,2008,140000
842,10440,Pave,Reg,2Story,5,8,1904,Detchd,2008,157500
843,9020,Pave,Reg,SLvl,6,7,1966,Attchd,2008,174900
844,8000,Pave,Reg,1Story,5,4,1961,NA,2007,141000
845,12665,Pave,IR1,1.5Fin,5,8,1915,Detchd,2008,153900
846,16647,Pave,IR1,SFoyer,5,5,1975,Basment,2007,171000
847,9317,Pave,Reg,2Story,7,5,1993,Attchd,2009,213000
848,15523,Pave,IR1,1Story,5,6,1972,Attchd,2009,133500
849,45600,Pave,IR2,1.5Fin,6,8,1908,Detchd,2008,240000
850,9600,Pave,Reg,SLvl,6,7,1976,Attchd,2007,187000
851,4435,Pave,Reg,1Story,6,5,2003,Attchd,2007,131500
852,3196,Pave,Reg,1Story,8,5,2003,Attchd,2006,215000
853,7128,Pave,Reg,2.5Unf,7,5,1941,Detchd,2007,164000
854,12095,Pave,IR1,SLvl,6,6,1964,Attchd,2009,158000
855,17920,Pave,Reg,1Story,5,4,1955,Attchd,2006,170000
856,6897,Pave,IR1,1Story,5,8,1962,Detchd,2010,127000
857,10970,Pave,IR1,SLvl,6,6,1978,Detchd,2008,147000
858,8125,Pave,Reg,2Story,6,5,1994,Attchd,2009,174000
859,10400,Pave,Reg,1Story,7,5,1976,Attchd,2009,152000
860,11029,Pave,IR1,2Story,6,7,1968,Attchd,2006,250000
861,7642,Pave,Reg,1.5Fin,7,8,1918,Detchd,2007,189950
862,11625,Pave,Reg,1Story,5,4,1965,Attchd,2010,131500
863,9672,Pave,Reg,1Story,6,5,1984,Attchd,2010,152000
864,7931,Pave,Reg,1Story,5,5,1959,Attchd,2009,132500
865,8640,Pave,Reg,1Story,7,5,2007,Attchd,2008,250580
866,8750,Pave,IR1,1Story,5,6,1970,Detchd,2009,148500
867,10656,Pave,IR1,1Story,8,5,2006,Attchd,2007,248900
868,6970,Pave,Reg,1Story,4,5,1961,Attchd,2007,129000
869,14762,Pave,IR2,2Story,5,6,1948,Attchd,2006,169000
870,9938,Pave,Reg,2Story,7,5,1993,Attchd,2010,236000
871,6600,Pave,Reg,1Story,5,5,1962,Detchd,2009,109500
872,8750,Pave,Reg,2Story,6,5,1998,Attchd,2010,200500
873,8892,Pave,Reg,1Story,5,7,1953,Attchd,2008,116000
874,12144,Pave,Reg,1Story,5,7,1949,Attchd,2009,133000
875,5720,Pave,Reg,1.5Fin,5,6,1941,Detchd,2009,66500
876,9000,Pave,Reg,2Story,8,5,2007,BuiltIn,2007,303477
877,25286,Pave,Reg,1Story,4,5,1963,Attchd,2007,132250
878,8834,Pave,Reg,2Story,9,5,2004,Attchd,2009,350000
879,11782,Pave,IR1,SFoyer,5,7,1961,Detchd,2010,148000
880,7000,Pave,IR1,1Story,5,8,1978,Attchd,2009,136500
881,7024,Pave,Reg,1Story,5,5,2005,Attchd,2007,157000
882,13758,Pave,IR1,1.5Fin,7,5,1990,Attchd,2007,187500
883,9636,Pave,IR1,2Story,6,5,1992,BuiltIn,2009,178000
884,6204,Pave,Reg,2.5Fin,4,5,1912,Detchd,2006,118500
885,7150,Pave,Reg,1Story,5,5,1967,Attchd,2009,100000
886,5119,Pave,IR1,1Story,9,5,1999,Attchd,2008,328900
887,8393,Pave,Reg,1Story,5,5,1959,Attchd,2006,145000
888,16466,Pave,IR1,1.5Fin,5,7,1955,Attchd,2008,135500
889,15865,Pave,IR1,1Story,8,6,1970,Attchd,2007,268000
890,12160,Pave,Reg,1Story,6,4,1953,Attchd,2009,149500
891,8064,Pave,Reg,1.5Fin,5,7,1949,Detchd,2007,122900
892,11184,Pave,Reg,2Story,6,5,1978,Attchd,2009,172500
893,8414,Pave,Reg,1Story,6,8,1963,Attchd,2006,154500
894,13284,Pave,Reg,1Story,5,5,1954,Attchd,2008,165000
895,7018,Pave,Reg,1Story,5,5,1979,Attchd,2009,118858
896,7056,Pave,Reg,2Story,6,5,1963,Attchd,2008,140000
897,8765,Pave,Reg,1Story,4,6,1936,Detchd,2006,106500
898,7018,Pave,Reg,2Story,5,5,1979,Detchd,2009,142953
899,12919,Pave,IR1,1Story,9,5,2009,Attchd,2010,611657
900,6993,Pave,Reg,1Story,5,7,1961,Attchd,2006,135000
901,7340,Pave,IR1,1Story,4,6,1971,Detchd,2007,110000
902,8712,Pave,IR1,1Story,5,7,1957,Detchd,2009,153000
903,7875,Pave,Reg,2Story,7,5,2003,Attchd,2006,180000
904,14859,Pave,IR1,1Story,7,5,2006,Attchd,2006,240000
905,6173,Pave,IR1,1Story,5,6,1967,Attchd,2007,125500
906,9920,Pave,Reg,1Story,5,5,1954,Attchd,2010,128000
907,13501,Pave,IR1,1Story,8,5,2006,Attchd,2007,255000
908,11500,Pave,IR1,1.5Fin,7,7,1936,Attchd,2006,250000
909,8885,Pave,IR1,1Story,5,5,1983,Attchd,2006,131000
910,12589,Pave,IR2,2Story,6,5,2005,Attchd,2009,174000
911,11600,Pave,Reg,2Story,5,5,1960,Detchd,2010,154300
912,9286,Pave,IR1,1Story,5,7,1977,Detchd,2009,143500
913,6120,Pave,Reg,1Story,5,7,1925,Detchd,2006,88000
914,6270,Pave,Reg,2Story,5,6,1949,2Types,2007,145000
915,3000,Pave,Reg,2Story,6,5,2009,Detchd,2009,173733
916,2001,Pave,Reg,2Story,4,5,1970,Attchd,2007,75000
917,9000,Pave,Reg,1Story,2,3,1949,Detchd,2006,35311
918,17140,Pave,Reg,1Story,4,6,1956,Attchd,2009,135000
919,13125,Pave,IR1,2Story,7,5,1991,Attchd,2007,238000
920,11029,Pave,IR1,1Story,6,8,1958,Attchd,2008,176500
921,8462,Pave,IR1,2Story,6,5,1994,Attchd,2007,201000
922,8777,Pave,Reg,1.5Fin,5,7,1900,NA,2008,145900
923,10237,Pave,Reg,1Story,6,5,2005,Attchd,2006,169990
924,8012,Pave,Reg,1Story,6,5,1993,Attchd,2008,193000
925,10240,Pave,Reg,1Story,6,6,1980,Attchd,2006,207500
926,15611,Pave,IR1,1Story,5,6,1977,Attchd,2008,175000
927,11999,Pave,Reg,2Story,8,5,2003,BuiltIn,2007,285000
928,9900,Pave,Reg,2Story,7,5,1968,Attchd,2008,176000
929,11838,Pave,Reg,1Story,8,5,2001,Attchd,2009,236500
930,13006,Pave,IR1,2Story,7,5,1997,BuiltIn,2006,222000
931,8925,Pave,IR1,1Story,8,5,2007,Attchd,2009,201000
932,9100,Pave,Reg,1Story,5,6,1965,Detchd,2009,117500
933,11670,Pave,IR1,1Story,9,5,2006,Attchd,2007,320000
934,8487,Pave,Reg,1Story,7,5,2004,Attchd,2009,190000
935,27650,Pave,IR2,1Story,7,7,1960,Attchd,2008,242000
936,5825,Pave,IR1,1Story,4,5,1926,Detchd,2006,79900
937,10083,Pave,Reg,1Story,7,5,2003,Attchd,2009,184900
938,9675,Pave,Reg,2Story,7,5,2005,Attchd,2009,253000
939,8760,Pave,Reg,2Story,7,5,2006,Attchd,2006,239799
940,24090,Pave,Reg,2Story,7,7,1940,Attchd,2010,244400
941,12640,Pave,IR1,1Story,6,5,1976,Attchd,2006,150900
942,8755,Pave,IR1,2Story,7,5,1999,BuiltIn,2009,214000
943,7711,Pave,IR1,1Story,4,3,1977,NA,2007,150000
944,25000,Pave,Reg,1Story,5,4,1967,Attchd,2007,143000
945,14375,Pave,IR1,SLvl,6,6,1958,Basment,2009,137500
946,8820,Pave,Reg,1.5Fin,5,6,1890,Detchd,2009,124900
947,8163,Pave,Reg,SLvl,5,6,1959,Attchd,2006,143000
948,14536,Pave,Reg,1Story,8,5,2002,Attchd,2007,270000
949,14006,Pave,IR1,2Story,7,5,2002,Attchd,2006,192500
950,9360,Pave,Reg,1Story,6,7,1972,Attchd,2010,197500
951,7200,Pave,Reg,1Story,5,8,1950,Detchd,2007,129000
952,7800,Pave,Reg,1Story,5,5,1965,Detchd,2006,119900
953,7200,Pave,Reg,SFoyer,5,8,1972,Detchd,2009,133900
954,11075,Pave,IR1,2Story,5,4,1969,Attchd,2008,172000
955,9400,Pave,IR1,SFoyer,6,5,1975,NA,2006,127500
956,7136,Pave,IR1,2Story,6,6,1946,Attchd,2007,145000
957,1300,Pave,Reg,2Story,6,6,1980,Attchd,2009,124000
958,7420,Pave,Reg,1Story,5,5,1962,Detchd,2007,132000
959,8450,Pave,Reg,1Story,7,5,2003,Attchd,2007,185000
960,2572,Pave,Reg,2Story,7,5,1999,Detchd,2010,155000
961,7207,Pave,IR1,1Story,5,7,1958,NA,2010,116500
962,12227,Pave,IR1,2Story,6,7,1977,Attchd,2008,272000
963,2308,Pave,Reg,2Story,6,6,1976,Detchd,2007,155000
964,11923,Pave,IR1,1Story,9,5,2007,Attchd,2009,239000
965,11316,Pave,Reg,2Story,7,5,2002,BuiltIn,2010,214900
966,10237,Pave,Reg,2Story,6,5,2005,Attchd,2007,178900
967,9600,Pave,IR1,1.5Fin,5,7,1940,Detchd,2009,160000
968,7390,Pave,IR1,1Story,5,7,1955,Attchd,2008,135000
969,5925,Pave,Reg,1.5Fin,3,6,1910,NA,2009,37900
970,10382,Pave,Reg,SLvl,6,5,1958,Attchd,2006,140000
971,10800,Pave,Reg,1.5Fin,4,4,1949,NA,2006,135000
972,2268,Pave,Reg,2Story,7,5,2003,BuiltIn,2009,173000
973,7892,Pave,Reg,1Story,6,5,1979,Attchd,2010,99500
974,11639,Pave,Reg,1Story,7,5,2007,Attchd,2008,182000
975,11414,Pave,IR1,2Story,7,8,1910,Detchd,2009,167500
976,2651,Pave,Reg,2Story,7,5,2000,Detchd,2006,165000
977,5900,Pave,IR1,1Story,4,7,1923,NA,2006,85500
978,4274,Pave,IR1,1Story,7,5,2006,Attchd,2007,199900
979,9450,Pave,Reg,1Story,4,5,1954,Detchd,2007,110000
980,8816,Pave,Reg,1Story,5,6,1963,Detchd,2009,139000
981,12122,Pave,IR1,SFoyer,7,9,1961,Attchd,2008,178400
982,12203,Pave,IR1,2Story,8,5,1998,Attchd,2009,336000
983,3182,Pave,Reg,1Story,7,5,2007,Attchd,2008,159895
984,11250,Pave,Reg,2Story,8,5,2002,Attchd,2008,255900
985,10125,Pave,Reg,1.5Fin,5,5,1977,Attchd,2009,126000
986,10880,Pave,Reg,1Story,5,5,1950,Detchd,2008,125000
987,5310,Pave,Reg,1.5Fin,6,8,1910,Attchd,2006,117000
988,10159,Pave,IR1,1Story,9,5,2009,Attchd,2010,395192
989,12046,Pave,IR1,2Story,6,6,1976,Attchd,2007,195000
990,8125,Pave,Reg,2Story,7,5,2006,Attchd,2006,197000
991,9452,Pave,Reg,2Story,8,5,1997,Attchd,2006,348000
992,17671,Pave,Reg,2Story,8,9,1882,Attchd,2009,168000
993,9760,Pave,Reg,2Story,6,8,1964,Attchd,2007,187000
994,8846,Pave,Reg,2Story,6,5,2005,Attchd,2006,173900
995,12456,Pave,Reg,1Story,10,5,2006,Attchd,2009,337500
996,4712,Pave,IR1,1.5Fin,4,7,1946,Detchd,2006,121600
997,10659,Pave,IR1,1Story,5,6,1961,Attchd,2006,136500
998,11717,Pave,IR1,1Story,6,6,1970,Attchd,2009,185000
999,9786,Pave,Reg,1Story,3,4,1922,Detchd,2006,91000
1000,6762,Pave,Reg,1Story,7,5,2006,Attchd,2010,206000
1001,10206,Pave,Reg,1Story,3,3,1952,Detchd,2009,82000
1002,5400,Pave,Reg,1Story,5,6,1920,Detchd,2007,86000
1003,11957,Pave,IR1,1Story,8,5,2006,Attchd,2008,232000
1004,11500,Pave,IR1,1Story,5,6,1976,Detchd,2007,136905
1005,3182,Pave,Reg,1Story,7,5,2005,Attchd,2009,181000
1006,8385,Pave,Reg,SLvl,5,8,1977,Attchd,2008,149900
1007,12155,Pave,IR3,1Story,6,3,1970,Attchd,2007,163500
1008,2217,Pave,Reg,2Story,4,4,1970,Attchd,2009,88000
1009,12118,Pave,IR1,1Story,7,5,2004,Attchd,2009,240000
1010,6000,Pave,Reg,1.5Fin,5,5,1926,NA,2006,102000
1011,21286,Pave,Reg,1.5Fin,5,5,1948,Attchd,2008,135000
1012,9825,Pave,Reg,1Story,5,5,1965,NA,2010,100000
1013,10592,Pave,Reg,2Story,6,7,1923,Detchd,2007,165000
1014,7200,Pave,Reg,1Story,5,4,1910,Detchd,2009,85000
1015,11664,Pave,Reg,1Story,6,5,1948,Detchd,2007,119200
1016,8400,Pave,Reg,2Story,8,6,2001,Attchd,2009,227000
1017,11883,Pave,Reg,1Story,7,5,1996,Attchd,2009,203000
1018,5814,Pave,IR1,1Story,8,5,1984,Attchd,2009,187500
1019,10784,Pave,IR1,SLvl,7,5,1991,Attchd,2007,160000
1020,3013,Pave,Reg,1Story,7,5,2005,Attchd,2006,213490
1021,7024,Pave,Reg,1Story,4,5,2005,Attchd,2008,176000
1022,7406,Pave,Reg,1Story,7,5,2006,Attchd,2006,194000
1023,9439,Pave,Reg,1.5Fin,5,5,1930,Detchd,2007,87000
1024,3182,Pave,Reg,1Story,7,5,2005,Attchd,2008,191000
1025,15498,Pave,IR1,1Story,8,6,1976,Attchd,2008,287000
1026,7700,Pave,Reg,1Story,5,5,1972,Detchd,2007,112500
1027,9300,Pave,Reg,1Story,5,5,1960,Attchd,2010,167500
1028,9520,Pave,IR1,1Story,8,5,2007,Attchd,2008,293077
1029,9492,Pave,Reg,1.5Fin,5,5,1941,Attchd,2007,105000
1030,1680,Pave,Reg,2Story,6,7,1972,Detchd,2006,118000
1031,7082,Pave,Reg,2Story,5,8,1916,NA,2006,160000
1032,15863,Pave,Reg,2.5Fin,7,3,1920,Basment,2009,197000
1033,14541,Pave,IR1,2Story,8,7,1993,Attchd,2006,310000
1034,8125,Pave,Reg,1Story,7,5,2002,Attchd,2006,230000
1035,6305,Pave,Reg,1Story,5,7,1938,Basment,2007,119750
1036,11500,Pave,IR1,1Story,4,3,1957,Detchd,2009,84000
1037,12898,Pave,IR1,1Story,9,5,2007,Attchd,2009,315500
1038,9240,Pave,Reg,2Story,8,5,2001,BuiltIn,2008,287000
1039,1533,Pave,Reg,2Story,4,6,1970,NA,2009,97000
1040,1477,Pave,Reg,SFoyer,4,4,1970,Attchd,2009,80000
1041,13125,Pave,Reg,1Story,5,4,1957,Attchd,2006,155000
1042,9130,Pave,Reg,2Story,6,8,1966,Attchd,2008,173000
1043,5381,Pave,IR1,1Story,6,5,2005,Attchd,2009,196000
1044,11839,Pave,Reg,2Story,7,5,1990,Attchd,2008,262280
1045,9600,Pave,Reg,1Story,8,5,1981,Attchd,2009,278000
1046,13680,Pave,IR1,1Story,3,5,1955,Attchd,2009,139600
1047,16056,Pave,IR1,2Story,9,5,2005,BuiltIn,2006,556581
1048,9245,Pave,IR2,1Story,5,5,1994,Detchd,2008,145000
1049,21750,Pave,Reg,1Story,5,4,1960,Attchd,2009,115000
1050,11100,Pave,Reg,1Story,4,7,1946,Detchd,2010,84900
1051,8993,Pave,IR1,1Story,7,5,2007,Attchd,2007,176485
1052,11175,Pave,IR1,1Story,7,5,2007,Attchd,2007,200141
1053,9500,Pave,Reg,2Story,6,6,1964,Attchd,2007,165000
1054,8562,Pave,Reg,1Story,5,6,1957,Basment,2010,144500
1055,11367,Pave,Reg,2Story,8,5,2002,Attchd,2006,255000
1056,11361,Pave,Reg,1Story,6,5,1976,Attchd,2008,180000
1057,7052,Pave,IR1,1Story,7,5,2005,Attchd,2006,185850
1058,29959,Pave,IR2,2Story,7,6,1994,BuiltIn,2009,248000
1059,11308,Pave,IR1,2Story,9,5,2008,Attchd,2009,335000
1060,11275,Pave,IR1,1.5Fin,6,7,1932,Detchd,2007,220000
1061,4920,Pave,Reg,1Story,8,5,2001,Attchd,2010,213500
1062,18000,Grvl,Reg,1Story,3,4,1935,Detchd,2008,81000
1063,13600,Pave,Reg,2Story,5,5,1900,Detchd,2007,90000
1064,6000,Pave,Reg,1Story,6,6,1925,Detchd,2006,110500
1065,11000,Pave,IR1,1Story,5,6,1966,Attchd,2009,154000
1066,14000,Pave,Reg,2Story,7,5,1996,Attchd,2010,328000
1067,7837,Pave,IR1,2Story,6,7,1993,Attchd,2009,178000
1068,9760,Pave,Reg,2Story,6,6,1964,Attchd,2008,167900
1069,3964,Pave,Reg,2Story,6,4,1973,Attchd,2006,151400
1070,9600,Pave,Reg,1.5Unf,5,7,1949,Detchd,2007,135000
1071,10152,Pave,Reg,1Story,5,5,1956,Attchd,2007,135000
1072,11700,Pave,Reg,2Story,6,6,1968,Attchd,2009,154000
1073,7585,Pave,Reg,1.5Fin,5,3,1948,Detchd,2006,91500
1074,7950,Pave,IR1,2Story,6,6,1977,Attchd,2009,159500
1075,8556,Pave,Reg,1Story,7,5,2006,Attchd,2007,194000
1076,13125,Pave,Reg,2Story,7,6,1940,Attchd,2007,219500
1077,10800,Pave,Reg,1.5Fin,5,8,1936,Attchd,2006,170000
1078,15870,Pave,IR1,1Story,5,5,1969,Attchd,2006,138800
1079,4435,Pave,Reg,1Story,6,5,2004,Attchd,2006,155900
1080,8775,Pave,Reg,1Story,5,5,1994,Attchd,2007,126000
1081,11040,Pave,Reg,1Story,6,7,1971,Attchd,2008,145000
1082,7500,Pave,Reg,1Story,5,5,1963,Attchd,2010,133000
1083,8749,Pave,Reg,1Story,7,5,2002,Attchd,2007,192000
1084,8800,Pave,Reg,1Story,6,6,1964,Attchd,2006,160000
1085,13031,Pave,IR2,2Story,6,5,1995,Attchd,2006,187500
1086,9069,Pave,Reg,SFoyer,6,6,1992,Attchd,2010,147000
1087,1974,Pave,Reg,2Story,4,5,1973,Attchd,2010,83500
1088,10574,Pave,Reg,2Story,8,5,2005,Attchd,2009,252000
1089,2522,Pave,Reg,2Story,7,5,2004,Detchd,2006,137500
1090,3316,Pave,IR1,1Story,8,5,2005,Attchd,2006,197000
1091,8544,Pave,Reg,1Story,3,4,1950,Detchd,2009,92900
1092,2160,Pave,Reg,2Story,7,5,1999,Detchd,2008,160000
1093,8400,Pave,Reg,1.5Fin,6,5,1925,Detchd,2008,136500
1094,9230,Pave,Reg,1Story,5,8,1965,Detchd,2006,146000
1095,5868,Pave,Reg,1Story,5,7,1956,Attchd,2010,129000
1096,9317,Pave,IR1,1Story,6,5,2006,Attchd,2007,176432
1097,6882,Pave,Reg,2Story,6,7,1914,NA,2007,127000
1098,3696,Pave,Reg,1Story,8,5,1986,Attchd,2007,170000
1099,6000,Pave,Reg,1.5Fin,4,6,1936,Detchd,2009,128000
1100,11880,Pave,IR1,1Story,7,5,1978,Attchd,2009,157000
1101,8400,Pave,Reg,1Story,2,5,1920,Detchd,2009,60000
1102,9758,Pave,IR1,1Story,5,5,1971,Detchd,2007,119500
1103,7000,Pave,Reg,1Story,5,7,1960,Attchd,2007,135000
1104,8910,Pave,Reg,1Story,6,6,1959,BuiltIn,2006,159500
1105,2016,Pave,Reg,2Story,5,5,1970,Detchd,2007,106000
1106,12256,Pave,IR1,2Story,8,5,1994,Attchd,2010,325000
1107,10357,Pave,IR1,1Story,7,5,1990,Attchd,2007,179900
1108,23257,Pave,IR3,2Story,7,5,2006,BuiltIn,2006,274725
1109,8063,Pave,Reg,2Story,6,5,2000,Attchd,2007,181000
1110,11362,Pave,IR1,1Story,8,5,2004,Attchd,2009,280000
1111,8000,Pave,Reg,2Story,6,5,1995,Attchd,2008,188000
1112,10480,Pave,Reg,2Story,7,6,1976,Attchd,2008,205000
1113,7100,Pave,IR1,1Story,5,7,1957,Detchd,2006,129900
1114,8923,Pave,Reg,1Story,5,7,1953,Attchd,2007,134500
1115,5400,Pave,Reg,1Story,5,7,1954,Detchd,2006,117000
1116,12085,Pave,Reg,1Story,8,5,2007,Attchd,2007,318000
1117,7750,Pave,Reg,SLvl,8,5,2002,BuiltIn,2009,184100
1118,9764,Pave,IR1,1Story,5,7,1967,Attchd,2008,130000
1119,13825,Pave,Reg,SLvl,5,6,1958,BuiltIn,2008,140000
1120,7560,Pave,Reg,1Story,5,5,1959,Attchd,2006,133700
1121,8263,Pave,Reg,1Story,6,5,1920,Detchd,2007,118400
1122,10084,Pave,Reg,1Story,7,5,2005,Attchd,2006,212900
1123,8926,Pave,IR1,1Story,4,3,1956,Basment,2009,112000
1124,9405,Pave,Reg,1Story,5,9,1947,NA,2009,118000
1125,9125,Pave,IR1,SLvl,7,5,1992,Attchd,2007,163900
1126,10434,Pave,Reg,1Story,4,5,1955,Detchd,2009,115000
1127,3684,Pave,Reg,1Story,7,5,2007,Attchd,2009,174000
1128,14572,Pave,IR3,1Story,7,5,2004,Attchd,2007,259000
1129,11796,Pave,IR1,2Story,7,5,2004,BuiltIn,2007,215000
1130,7200,Pave,Reg,SFoyer,5,5,1980,Detchd,2007,140000
1131,7804,Pave,Reg,1.5Fin,4,3,1928,Detchd,2009,135000
1132,10712,Pave,Reg,1Story,5,5,1991,NA,2007,93500
1133,9900,Pave,Reg,2Story,6,4,1880,Detchd,2007,117500
1134,9828,Pave,IR1,2Story,8,5,1995,Attchd,2009,239500
1135,8773,Pave,IR1,2Story,6,5,1997,Attchd,2007,169000
1136,6180,Pave,Reg,1Story,6,5,1926,Detchd,2007,102000
1137,9600,Pave,Reg,1.5Fin,6,5,1950,Attchd,2008,119000
1138,6342,Pave,Reg,1.5Fin,5,8,1875,NA,2010,94000
1139,9819,Pave,IR1,1Story,6,5,1977,Attchd,2009,196000
1140,8731,Pave,IR1,1Story,5,5,1920,Detchd,2007,144000
1141,7350,Pave,Reg,1Story,5,7,1951,Detchd,2008,139000
1142,10304,Pave,IR1,2Story,5,7,1976,Attchd,2009,197500
1143,9965,Pave,Reg,2Story,8,5,2006,BuiltIn,2007,424870
1144,9000,Pave,Reg,1Story,5,3,1959,NA,2008,80000
1145,12180,Pave,Reg,1.5Fin,4,4,1941,Detchd,2010,80000
1146,6240,Pave,Reg,1.5Fin,5,6,1928,Detchd,2006,149000
1147,11200,Pave,Reg,1Story,6,5,1985,Attchd,2006,180000
1148,12000,Pave,Reg,2Story,7,7,1941,Attchd,2009,174500
1149,5700,Pave,Reg,1.5Fin,7,7,1926,Detchd,2008,116900
1150,9000,Pave,Reg,2Story,7,9,1920,Detchd,2009,143000
1151,8280,Pave,IR1,1Story,6,5,1950,Attchd,2007,124000
1152,17755,Pave,Reg,1Story,5,4,1959,Attchd,2006,149900
1153,14115,Pave,IR1,1Story,6,7,1956,Attchd,2006,230000
1154,5890,Pave,Reg,1Story,6,8,1930,Detchd,2008,120500
1155,13700,Pave,IR1,2Story,7,6,1965,Attchd,2008,201800
1156,10768,Pave,IR1,1Story,5,8,1976,Attchd,2007,218000
1157,9350,Pave,Reg,SLvl,5,8,1965,Attchd,2008,179900
1158,5001,Pave,IR1,1Story,7,5,2007,Attchd,2009,230000
1159,11932,Pave,Reg,1Story,8,5,2007,Attchd,2008,235128
1160,9120,Pave,Reg,2Story,6,6,1974,Attchd,2008,185000
1161,2280,Pave,Reg,2Story,6,5,1978,Attchd,2010,146000
1162,14778,Pave,IR1,1Story,6,7,1954,Detchd,2008,224000
1163,8724,Pave,Reg,1Story,5,5,1968,Attchd,2007,129000
1164,12900,Pave,Reg,SFoyer,4,4,1969,CarPort,2008,108959
1165,16157,Pave,IR1,SLvl,5,7,1978,Attchd,2007,194000
1166,9541,Pave,IR1,1Story,7,5,2009,Attchd,2009,233170
1167,10475,Pave,IR1,1Story,8,5,2008,Attchd,2010,245350
1168,10852,Pave,IR1,2Story,6,5,2000,Attchd,2006,173000
1169,13728,Pave,Reg,2Story,6,7,1935,Basment,2008,235000
1170,35760,Pave,IR1,2Story,10,5,1995,Attchd,2006,625000
1171,9880,Pave,Reg,SLvl,6,6,1977,Attchd,2008,171000
1172,9120,Pave,Reg,1Story,6,6,1958,Attchd,2008,163000
1173,4017,Pave,IR1,2Story,7,5,2006,Detchd,2008,171900
1174,18030,Pave,IR1,1.5Fin,5,6,1946,NA,2007,200500
1175,16560,Pave,IR1,2Story,6,8,1932,Detchd,2006,239000
1176,10678,Pave,Reg,1.5Fin,8,5,1992,Attchd,2007,285000
1177,6951,Pave,IR1,1Story,5,5,1984,Attchd,2008,119500
1178,3950,Pave,Reg,1.5Fin,6,8,1926,Detchd,2009,115000
1179,7681,Pave,IR1,1.5Fin,5,6,1921,Detchd,2009,154900
1180,8335,Pave,Reg,1Story,5,5,1954,NA,2006,93000
1181,11170,Pave,IR2,2Story,7,5,1990,Attchd,2006,250000
1182,5587,Pave,IR1,1Story,8,5,2008,Attchd,2008,392500
1183,15623,Pave,IR1,2Story,10,5,1996,Attchd,2007,745000
1184,10800,Pave,Reg,1Story,5,6,1920,Detchd,2006,120000
1185,35133,Grvl,Reg,1Story,5,4,1963,2Types,2007,186700
1186,9738,Pave,Reg,1.5Fin,5,7,1924,Attchd,2006,104900
1187,10615,Pave,IR1,2Story,3,5,1900,CarPort,2009,95000
1188,12461,Pave,Reg,1Story,8,5,1994,Attchd,2006,262000
1189,8935,Pave,IR1,2Story,7,5,2002,Attchd,2009,195000
1190,7500,Pave,Reg,2Story,7,5,1999,Attchd,2010,189000
1191,32463,Pave,Reg,1Story,4,4,1961,2Types,2007,168000
1192,2645,Pave,Reg,2Story,8,5,1999,Detchd,2007,174000
1193,9600,Pave,Reg,1.5Fin,5,8,1925,Detchd,2007,125000
1194,4500,Pave,Reg,1Story,6,5,1999,Attchd,2009,165000
1195,9364,Pave,Reg,2Story,6,7,1969,Attchd,2010,158000
1196,8029,Pave,IR1,2Story,6,5,2005,Attchd,2008,176000
1197,14054,Pave,IR1,2Story,7,5,2006,BuiltIn,2006,219210
1198,8850,Pave,IR1,2.5Unf,7,6,1916,Detchd,2006,144000
1199,9100,Pave,Reg,1Story,7,5,2001,Attchd,2009,178000
1200,11235,Pave,Reg,1Story,4,5,1963,Attchd,2006,148000
1201,9353,Pave,Reg,1Story,4,5,1970,Attchd,2006,116050
1202,10400,Pave,Reg,2Story,7,5,1998,Attchd,2009,197900
1203,6000,Pave,Reg,1.5Fin,5,8,1925,Detchd,2009,117000
1204,9750,Pave,Reg,1Story,7,5,2000,Attchd,2009,213000
1205,10140,Pave,Reg,1Story,5,6,1975,Attchd,2006,153500
1206,14684,Pave,IR1,1Story,7,7,1990,Attchd,2009,271900
1207,8900,Pave,Reg,1Story,4,4,1966,Detchd,2006,107000
1208,9135,Pave,Reg,1Story,6,5,2003,Attchd,2006,200000
1209,7763,Pave,Reg,1Story,5,7,1962,Detchd,2008,140000
1210,10182,Pave,IR1,1Story,8,5,2006,Attchd,2006,290000
1211,11218,Pave,Reg,2Story,6,5,1992,Attchd,2010,189000
1212,12134,Pave,IR1,1.5Fin,8,7,1988,Basment,2010,164000
1213,9340,Pave,Reg,1Story,4,6,1941,Attchd,2009,113000
1214,10246,Pave,IR1,SLvl,4,9,1965,Attchd,2006,145000
1215,10205,Pave,IR1,SFoyer,5,5,1962,Attchd,2006,134500
1216,7094,Pave,IR1,1Story,5,5,1966,Detchd,2007,125000
1217,8930,Pave,Reg,1.5Fin,6,5,1978,Attchd,2010,112000
1218,8640,Pave,Reg,1Story,8,5,2009,Attchd,2009,229456
1219,6240,Pave,Reg,1.5Fin,4,5,1947,NA,2006,80500
1220,1680,Pave,Reg,2Story,6,5,1971,NA,2006,91500
1221,7800,Pave,IR1,1Story,5,5,1964,Attchd,2006,115000
1222,8250,Pave,Reg,1Story,5,5,1968,Attchd,2008,134000
1223,10496,Pave,Reg,1.5Fin,6,6,1949,Attchd,2007,143000
1224,10680,Pave,Reg,1Story,5,3,1951,Detchd,2006,137900
1225,15384,Pave,IR1,2Story,7,5,2004,Attchd,2008,184000
1226,10482,Pave,Reg,SLvl,6,8,1958,Attchd,2007,145000
1227,14598,Pave,IR1,2Story,6,5,2007,BuiltIn,2008,214000
1228,8872,Pave,Reg,1Story,5,8,1965,Detchd,2008,147000
1229,8769,Pave,Reg,1Story,9,5,2008,Attchd,2008,367294
1230,7910,Pave,Reg,SLvl,5,5,1960,Basment,2008,127000
1231,18890,Pave,IR1,1.5Fin,5,5,1977,BuiltIn,2007,190000
1232,7728,Pave,Reg,SLvl,5,6,1962,Attchd,2006,132500
1233,9842,Pave,Reg,1Story,4,5,1962,CarPort,2007,101800
1234,12160,Pave,IR1,1Story,5,5,1959,Attchd,2010,142000
1235,8525,Pave,Reg,2Story,5,6,1911,NA,2008,130000
1236,13132,Pave,Reg,2Story,5,5,1914,Detchd,2006,138887
1237,2628,Pave,Reg,2Story,7,5,2003,BuiltIn,2010,175500
1238,12393,Pave,IR2,2Story,7,5,2004,BuiltIn,2006,195000
1239,13072,Pave,Reg,1Story,6,5,2005,Detchd,2006,142500
1240,9037,Pave,IR1,1Story,8,5,2006,Attchd,2007,265900
1241,8158,Pave,Reg,2Story,7,5,2003,Attchd,2008,224900
1242,9849,Pave,Reg,1Story,7,6,2007,Attchd,2007,248328
1243,10625,Pave,Reg,SFoyer,7,6,1974,Attchd,2010,170000
1244,13891,Pave,Reg,1Story,10,5,2006,Attchd,2006,465000
1245,11435,Pave,IR1,2Story,8,7,1929,Detchd,2006,230000
1246,12090,Pave,Reg,SLvl,6,7,1984,BuiltIn,2007,178000
1247,8125,Pave,Reg,2Story,7,5,2005,Attchd,2006,186500
1248,12328,Pave,IR1,SLvl,6,5,1976,Attchd,2010,169900
1249,9600,Pave,Reg,2.5Unf,6,5,1917,Detchd,2008,129500
1250,7200,Pave,Reg,1Story,5,7,1950,Attchd,2007,119000
1251,11160,Pave,Reg,1Story,7,5,1968,Attchd,2010,244000
1252,3136,Pave,IR1,1Story,7,5,2003,Attchd,2006,171750
1253,9858,Pave,Reg,1Story,5,6,1968,Attchd,2009,130000
1254,17542,Pave,IR1,2Story,7,7,1974,Attchd,2007,294000
1255,6931,Pave,Reg,2Story,7,5,2003,BuiltIn,2008,165400
1256,6240,Pave,Reg,1.5Fin,6,6,1931,Detchd,2007,127500
1257,14303,Pave,IR1,1Story,8,5,1994,Attchd,2008,301500
1258,4060,Pave,Reg,1Story,5,8,1922,NA,2009,99900
1259,9587,Pave,IR1,SLvl,7,5,2005,Attchd,2008,190000
1260,9750,Pave,Reg,1Story,6,8,1969,Attchd,2008,151000
1261,24682,Pave,IR3,2Story,6,5,1999,BuiltIn,2009,181000
1262,9600,Pave,Reg,1Story,5,6,1956,Attchd,2009,128900
1263,11250,Pave,Reg,1.5Fin,4,5,1957,Attchd,2009,161500
1264,13515,Pave,Reg,2Story,6,6,1919,Detchd,2007,180500
1265,4060,Pave,Reg,1Story,6,5,1998,Attchd,2008,181000
1266,3735,Pave,Reg,2Story,7,5,1999,Detchd,2006,183900
1267,10120,Pave,IR1,2.5Unf,7,4,1910,Detchd,2007,122000
1268,13214,Pave,IR1,1Story,9,5,2008,Attchd,2010,378500
1269,14100,Pave,IR1,1.5Fin,8,9,1935,BuiltIn,2008,381000
1270,11344,Pave,Reg,1.5Fin,5,5,1958,Attchd,2007,144000
1271,23595,Pave,Reg,1Story,7,6,1979,Attchd,2010,260000
1272,9156,Pave,IR1,1Story,6,7,1968,Attchd,2009,185750
1273,13526,Pave,IR1,1Story,5,6,1965,Attchd,2006,137000
1274,11512,Pave,IR1,SLvl,6,7,1959,Basment,2008,177000
1275,5362,Pave,Reg,1.5Fin,5,6,1910,Detchd,2007,139000
1276,11345,Pave,Reg,2Story,5,5,1948,Detchd,2007,137000
1277,12936,Pave,IR1,2Story,6,6,1972,Attchd,2009,162000
1278,17871,Pave,IR1,SLvl,6,5,1967,Attchd,2009,197900
1279,9473,Pave,Reg,2Story,8,5,2002,Attchd,2008,237000
1280,7500,Pave,Reg,1.5Fin,4,4,1920,Detchd,2010,68400
1281,9808,Pave,IR1,1Story,7,5,2002,Attchd,2009,227000
1282,8049,Pave,IR1,1Story,7,5,1990,Attchd,2006,180000
1283,8800,Pave,IR1,1Story,5,7,1977,Detchd,2009,150500
1284,9400,Pave,Reg,2Story,6,5,1971,NA,2010,139000
1285,9638,Pave,Reg,1.5Fin,6,7,1919,Detchd,2010,169000
1286,6000,Pave,Reg,1.5Fin,6,6,1939,Detchd,2009,132500
1287,9790,Pave,Reg,1Story,6,5,1963,Attchd,2010,143000
1288,36500,Pave,IR1,1Story,5,5,1964,Attchd,2006,190000
1289,5664,Pave,IR1,1Story,8,5,2000,Attchd,2009,278000
1290,11065,Pave,IR1,2Story,8,5,2006,BuiltIn,2006,281000
1291,14112,Pave,IR1,SLvl,5,7,1964,Attchd,2010,180500
1292,1680,Pave,Reg,2Story,5,7,1972,Detchd,2009,119500
1293,6600,Pave,Reg,2Story,5,4,1892,Attchd,2009,107500
1294,10140,Pave,Reg,2Story,7,5,1976,Attchd,2006,162900
1295,8172,Pave,Reg,1Story,5,7,1955,Detchd,2006,115000
1296,8400,Pave,Reg,1Story,5,5,1968,Attchd,2006,138500
1297,8700,Pave,Reg,1Story,5,6,1963,Attchd,2008,155000
1298,3675,Pave,Reg,SFoyer,6,5,2005,Basment,2006,140000
1299,63887,Pave,IR3,2Story,10,5,2008,Attchd,2008,160000
1300,7500,Pave,Reg,1Story,5,7,1959,Attchd,2010,154000
1301,10762,Pave,IR1,2Story,7,5,1999,Attchd,2009,225000
1302,7500,Pave,IR1,2Story,6,7,1942,Attchd,2009,177500
1303,10120,Pave,Reg,2Story,8,5,1994,Attchd,2006,290000
1304,8688,Pave,Reg,1Story,7,5,2005,Attchd,2006,232000
1305,3363,Pave,Reg,2Story,7,5,2004,Detchd,2006,130000
1306,13173,Pave,IR1,1Story,9,5,2006,Attchd,2009,325000
1307,6955,Pave,IR1,1Story,7,5,2005,Attchd,2006,202500
1308,8072,Pave,Reg,1Story,5,5,1994,Detchd,2009,138000
1309,12000,Pave,Reg,1Story,5,7,1948,Attchd,2008,147000
1310,7153,Pave,Reg,1Story,6,5,1991,Attchd,2008,179200
1311,17500,Pave,Reg,1Story,7,8,1959,Attchd,2010,335000
1312,8814,Pave,Reg,1Story,7,5,2005,Attchd,2007,203000
1313,9572,Pave,IR1,2Story,8,5,1990,Attchd,2007,302000
1314,14774,Pave,IR1,2Story,9,5,1999,BuiltIn,2010,333168
1315,8190,Pave,Reg,1Story,4,6,1954,Detchd,2007,119000
1316,11075,Pave,Reg,2Story,6,5,1969,Attchd,2008,206900
1317,10226,Pave,IR1,1Story,8,5,2008,Attchd,2009,295493
1318,4230,Pave,Reg,1Story,7,5,2006,Attchd,2007,208900
1319,14781,Pave,IR2,1Story,8,5,2001,Attchd,2006,275000
1320,10215,Pave,Reg,1Story,4,5,1954,Attchd,2007,111000
1321,8400,Pave,Reg,1Story,6,3,1957,Attchd,2009,156500
1322,6627,Pave,IR1,1Story,3,6,1949,Detchd,2008,72500
1323,10186,Pave,IR1,2Story,7,5,1992,Attchd,2010,190000
1324,5330,Pave,Reg,1Story,4,7,1940,NA,2009,82500
1325,9986,Pave,Reg,1Story,8,5,2006,Attchd,2007,147000
1326,3636,Pave,Reg,1Story,4,4,1922,NA,2008,55000
1327,4270,Pave,Reg,1Story,3,6,1931,NA,2007,79000
1328,6600,Pave,Reg,1Story,5,9,1982,Attchd,2008,130500
1329,10440,Pave,Reg,1.5Fin,6,7,1920,Detchd,2008,256000
1330,9084,Pave,IR1,2Story,7,5,1998,Attchd,2006,176500
1331,10000,Pave,Reg,1Story,8,5,2006,Attchd,2007,227000
1332,10780,Pave,IR1,SLvl,5,5,1976,Detchd,2006,132500
1333,8877,Pave,Reg,1Story,4,6,1938,Detchd,2009,100000
1334,7200,Pave,Reg,1.5Fin,5,6,1938,Detchd,2006,125500
1335,2368,Pave,Reg,2Story,5,6,1970,Attchd,2009,125000
1336,9650,Pave,Reg,1Story,6,5,1977,Attchd,2009,167900
1337,9246,Pave,IR1,1Story,5,5,1973,Detchd,2008,135000
1338,4118,Pave,IR1,1Story,4,4,1941,NA,2006,52500
1339,13450,Pave,IR1,2Story,7,5,2002,BuiltIn,2006,200000
1340,9560,Pave,IR1,1Story,5,7,1972,Attchd,2006,128500
1341,8294,Pave,Reg,1Story,4,5,1971,Detchd,2007,123000
1342,13695,Pave,Reg,1Story,6,5,2003,Detchd,2008,155000
1343,9375,Pave,Reg,2Story,8,5,2002,Attchd,2007,228500
1344,7558,Pave,Reg,1.5Fin,6,6,1928,Detchd,2009,177000
1345,11103,Pave,IR1,2Story,7,5,2006,Attchd,2007,155835
1346,6000,Pave,Reg,1Story,4,4,1920,Detchd,2007,108500
1347,20781,Pave,IR2,1Story,7,7,1968,Attchd,2006,262500
1348,15306,Pave,IR1,1Story,8,5,2006,Attchd,2007,283463
1349,16196,Pave,IR3,1Story,7,5,1998,Attchd,2007,215000
1350,5250,Pave,Reg,2Story,8,5,1872,NA,2008,122000
1351,11643,Pave,Reg,2Story,5,5,1969,Detchd,2009,200000
1352,9247,Pave,IR1,2Story,6,6,1962,Attchd,2008,171000
1353,6000,Pave,Reg,1.5Fin,6,9,1937,Detchd,2009,134900
1354,14720,Pave,IR1,1.5Fin,8,5,1995,Attchd,2010,410000
1355,10316,Pave,IR1,2Story,7,5,2000,Attchd,2008,235000
1356,10192,Pave,IR1,SLvl,7,6,1968,Attchd,2006,170000
1357,9477,Pave,Reg,1Story,5,5,1966,Attchd,2008,110000
1358,12537,Pave,IR1,1Story,5,6,1971,Attchd,2010,149900
1359,2117,Pave,Reg,2Story,6,5,2000,Detchd,2010,177500
1360,16737,Pave,Reg,1Story,9,5,2004,Attchd,2006,315000
1361,9842,Pave,Reg,2Story,5,6,1921,BuiltIn,2008,189000
1362,16158,Pave,IR1,1Story,7,5,2005,Attchd,2009,260000
1363,12513,Pave,IR1,1.5Fin,4,4,1920,Attchd,2009,104900
1364,8499,Pave,IR1,2Story,6,5,2006,BuiltIn,2007,156932
1365,3180,Pave,Reg,2Story,7,5,2005,Detchd,2006,144152
1366,7500,Pave,Reg,2Story,7,5,2000,Attchd,2010,216000
1367,9179,Pave,IR1,2Story,7,5,1999,Attchd,2008,193000
1368,2665,Pave,Reg,2Story,5,6,1977,Attchd,2006,127000
1369,4435,Pave,Reg,1Story,6,5,2003,Attchd,2009,144000
1370,10635,Pave,IR2,1Story,8,5,2003,Attchd,2010,232000
1371,5400,Pave,Reg,1.5Fin,4,6,1920,Detchd,2009,105000
1372,9600,Pave,Reg,SLvl,6,6,1955,BuiltIn,2008,165500
1373,9750,Pave,Reg,2Story,7,6,1998,Detchd,2006,274300
1374,11400,Pave,Reg,1Story,10,5,2001,Attchd,2007,466500
1375,10625,Pave,Reg,2Story,7,5,2005,Attchd,2008,250000
1376,10991,Pave,IR1,1Story,8,5,2007,Attchd,2007,239000
1377,6292,Pave,Reg,1Story,6,5,1930,Detchd,2008,91000
1378,10998,Pave,Reg,1.5Fin,5,5,1941,Detchd,2009,117000
1379,1953,Pave,Reg,2Story,6,5,1973,Detchd,2006,83000
1380,9735,Pave,Reg,SLvl,5,5,2006,BuiltIn,2008,167500
1381,8212,Pave,Reg,1Story,3,3,1914,Detchd,2010,58500
1382,12925,Pave,IR1,1Story,6,7,1970,Attchd,2008,237500
1383,7200,Pave,Reg,2Story,7,7,1920,Detchd,2006,157000
1384,25339,Pave,Reg,1Story,5,7,1918,Attchd,2007,112000
1385,9060,Pave,Reg,1.5Fin,6,5,1939,Detchd,2009,105000
1386,5436,Pave,Reg,1.5Fin,4,8,1922,Detchd,2010,125500
1387,16692,Pave,IR1,2Story,7,5,1978,Attchd,2006,250000
1388,8520,Pave,Reg,1.5Fin,6,7,1916,Detchd,2007,136000
1389,14892,Pave,IR1,1Story,9,5,2006,Attchd,2009,377500
1390,6000,Pave,Reg,1.5Fin,6,6,1941,Detchd,2007,131000
1391,9100,Pave,Reg,1Story,7,5,2000,Attchd,2006,235000
1392,8944,Pave,Reg,1Story,5,5,1967,Detchd,2009,124000
1393,7838,Pave,Reg,SFoyer,5,5,1967,Attchd,2006,123000
1394,10800,Pave,Reg,1.5Fin,6,7,1905,Detchd,2008,163000
1395,4045,Pave,Reg,1Story,7,5,2006,Attchd,2006,246578
1396,12665,Pave,IR1,2Story,8,5,2005,BuiltIn,2007,281213
1397,57200,Pave,IR1,1Story,5,5,1948,Detchd,2010,160000
1398,6120,Pave,Reg,2Story,5,8,1920,Detchd,2007,137500
1399,7200,Pave,Reg,1.5Fin,5,4,1950,Attchd,2009,138000
1400,6171,Pave,Reg,1.5Fin,6,6,1925,Detchd,2009,137450
1401,6000,Pave,Reg,1.5Fin,6,7,1929,BuiltIn,2008,120000
1402,7415,Pave,IR1,2Story,6,5,2004,Attchd,2008,193000
1403,6762,Pave,Reg,1Story,7,5,2006,Attchd,2006,193879
1404,15256,Pave,IR1,1Story,8,5,2007,Attchd,2007,282922
1405,10410,Pave,Reg,1.5Fin,3,4,1915,Detchd,2006,105000
1406,3842,Pave,IR1,1Story,8,5,2004,Attchd,2008,275000
1407,8445,Pave,Reg,SFoyer,5,7,1972,Detchd,2009,133000
1408,8780,Pave,IR1,1Story,5,5,1985,NA,2009,112000
1409,7740,Pave,Reg,2Story,4,7,1910,Detchd,2010,125500
1410,20544,Pave,IR1,2Story,7,6,1986,Attchd,2008,215000
1411,12420,Pave,Reg,2Story,7,5,2001,Attchd,2009,230000
1412,9600,Pave,Reg,1.5Fin,6,8,1950,Attchd,2009,140000
1413,7200,Pave,Reg,1Story,4,5,1949,Detchd,2009,90000
1414,10994,Pave,IR1,1Story,8,5,2005,Attchd,2009,257000
1415,13053,Pave,Reg,1.5Fin,6,7,1923,Detchd,2008,207000
1416,3635,Pave,Reg,1Story,7,5,2007,Attchd,2009,175900
1417,11340,Pave,Reg,2Story,4,6,1885,Detchd,2010,122500
1418,16545,Pave,IR1,2Story,8,5,1998,Attchd,2009,340000
1419,9204,Pave,Reg,1Story,5,5,1963,Detchd,2008,124000
1420,16381,Pave,IR1,1Story,6,5,1969,Attchd,2006,223000
1421,11700,Pave,Reg,2Story,6,6,1968,Attchd,2006,179900
1422,4043,Pave,Reg,1Story,6,5,1977,Attchd,2010,127500
1423,4435,Pave,Reg,1Story,6,5,2003,Attchd,2008,136500
1424,19690,Pave,IR1,SLvl,6,7,1966,Attchd,2006,274970
1425,9503,Pave,Reg,1Story,5,5,1958,Detchd,2007,144000
1426,10721,Pave,IR1,1Story,6,6,1959,Detchd,2008,142000
1427,10944,Pave,IR1,2Story,7,5,1994,Attchd,2008,271000
1428,10930,Pave,Reg,1.5Fin,5,6,1945,Attchd,2008,140000
1429,7200,Pave,Reg,1Story,5,7,1940,Attchd,2010,119000
1430,12546,Pave,IR1,1Story,6,7,1981,Attchd,2007,182900
1431,21930,Pave,IR3,2Story,5,5,2005,BuiltIn,2006,192140
1432,4928,Pave,IR1,1Story,6,6,1976,Attchd,2009,143750
1433,10800,Pave,Reg,1Story,4,6,1927,Detchd,2007,64500
1434,10261,Pave,IR1,2Story,6,5,2000,Attchd,2008,186500
1435,17400,Pave,Reg,1Story,5,5,1977,Attchd,2006,160000
1436,8400,Pave,Reg,1Story,6,9,1962,Attchd,2008,174000
1437,9000,Pave,Reg,1Story,4,6,1971,Detchd,2007,120500
1438,12444,Pave,Reg,1Story,8,5,2008,Attchd,2008,394617
1439,7407,Pave,Reg,1Story,6,7,1957,Attchd,2010,149700
1440,11584,Pave,Reg,SLvl,7,6,1979,Attchd,2007,197000
1441,11526,Pave,IR1,2.5Fin,6,7,1922,Detchd,2008,191000
1442,4426,Pave,Reg,1Story,6,5,2004,Attchd,2008,149300
1443,11003,Pave,Reg,2Story,10,5,2008,Attchd,2009,310000
1444,8854,Pave,Reg,1.5Unf,6,6,1916,Detchd,2009,121000
1445,8500,Pave,Reg,1Story,7,5,2004,Attchd,2007,179600
1446,8400,Pave,Reg,SFoyer,6,5,1966,Detchd,2007,129000
1447,26142,Pave,IR1,1Story,5,7,1962,Attchd,2010,157900
1448,10000,Pave,Reg,2Story,8,5,1995,Attchd,2007,240000
1449,11767,Pave,Reg,2Story,4,7,1910,Detchd,2007,112000
1450,1533,Pave,Reg,SFoyer,5,7,1970,NA,2006,92000
1451,9000,Pave,Reg,2Story,5,5,1974,NA,2009,136000
1452,9262,Pave,Reg,1Story,8,5,2008,Attchd,2009,287090
1453,3675,Pave,Reg,SLvl,5,5,2005,Basment,2006,145000
1454,17217,Pave,Reg,1Story,5,5,2006,NA,2006,84500
1455,7500,Pave,Reg,1Story,7,5,2004,Attchd,2009,185000
1456,7917,Pave,Reg,2Story,6,5,1999,Attchd,2007,175000
1457,13175,Pave,Reg,1Story,6,6,1978,Attchd,2010,210000
1458,9042,Pave,Reg,2Story,7,9,1941,Attchd,2010,266500
1459,9717,Pave,Reg,1Story,5,6,1950,Attchd,2010,142125
1460,9937,Pave,Reg,1Story,5,6,1965,Attchd,2008,147500
